{
  "method": "v3f2",
  "recall_mean": 1.0,
  "recall_std": 0.0,
  "soft_mean": 0.9662644416624528,
  "soft_std": 0.0006936499692691278,
  "nfe_mean": 19673.333333333332,
  "baseline_n_samples": [
    1,
    2,
    5,
    10,
    20,
    50,
    100,
    200,
    500,
    1000
  ],
  "b0": {
    "recall_mean": [
      0.06666666666666667,
      0.08333333333333333,
      0.15,
      0.18333333333333332,
      0.3333333333333333,
      0.65,
      0.85,
      0.9666666666666667,
      1.0,
      1.0
    ],
    "recall_std": [
      0.11055415967851334,
      0.11785113019775793,
      0.1527525231651947,
      0.14337208778404376,
      0.19720265943665385,
      0.219848432637882,
      0.12247448713915893,
      0.08498365855987974,
      0.0,
      0.0
    ],
    "soft_mean": [
      20.405343060691497,
      14.939385035203063,
      7.704771258687546,
      6.293598445125751,
      3.0697593135833614,
      1.8804573422413264,
      1.6799340937320106,
      1.5077399986451285,
      1.3012108222307752,
      1.205737668208862
    ],
    "soft_std": [
      1.6225618773993749,
      3.0194576437611684,
      2.961620464897043,
      3.0227839773870198,
      1.831626680099173,
      0.14517042263258526,
      0.14924013356329174,
      0.14243078015313754,
      0.11175468045515444,
      0.0841657160943182
    ],
    "nfe_mean": [
      1000.0,
      2000.0,
      5000.0,
      10000.0,
      20000.0,
      50000.0,
      100000.0,
      200000.0,
      500000.0,
      1000000.0
    ]
  },
  "b10": {
    "recall_mean": [
      0.08333333333333333,
      0.13333333333333333,
      0.38333333333333336,
      0.5333333333333333,
      0.7833333333333333,
      1.0,
      1.0,
      1.0,
      1.0,
      1.0
    ],
    "recall_std": [
      0.11785113019775793,
      0.12472191289246472,
      0.22110831935702666,
      0.25603819159562025,
      0.22110831935702666,
      0.0,
      0.0,
      0.0,
      0.0,
      0.0
    ],
    "soft_mean": [
      20.004505768654024,
      16.07748321531333,
      7.787401295136027,
      5.9081795694823755,
      2.795091615354642,
      1.254596094181987,
      1.1435314509762053,
      1.0585994704770114,
      0.9659699081296383,
      0.8712195752622102
    ],
    "soft_std": [
      1.4189914698353348,
      3.58034684297303,
      4.363264507230643,
      4.602922986826599,
      2.1309657536973665,
      0.08055030710399058,
      0.09337725942892082,
      0.07725737965529349,
      0.059285899303864194,
      0.053617966043846374
    ],
    "nfe_mean": [
      1010.0,
      2020.0,
      5050.0,
      10100.0,
      20200.0,
      50500.0,
      101000.0,
      202000.0,
      505000.0,
      1010000.0
    ]
  },
  "config": {
    "dim": 10,
    "K": 4,
    "n_runs": 15
  }
}