{
  "method": "v3f3",
  "n_particles": [
    10,
    20,
    30,
    50,
    75,
    100
  ],
  "recall_mean": [
    0.725,
    0.825,
    0.85,
    0.9,
    0.9,
    0.925
  ],
  "recall_std": [
    0.17500000000000002,
    0.16007810593582122,
    0.16583123951777,
    0.12247448713915891,
    0.12247448713915891,
    0.11456439237389601
  ],
  "soft_mean": [
    1.2247198923478646,
    0.7547476234791912,
    0.684654079170183,
    0.3659648135540496,
    0.32489119667711186,
    0.2851736369269506
  ],
  "soft_std": [
    0.9482246415146078,
    0.78785717440563,
    0.8008246908464272,
    0.12058997950221564,
    0.09273186197455005,
    0.07959703291452769
  ],
  "nfe_mean": [
    3475.0,
    6410.0,
    9375.0,
    15305.0,
    22942.5,
    30430.0
  ],
  "raw": {
    "10": {
      "recall": [
        0.75,
        0.5,
        0.5,
        0.5,
        0.75,
        0.75,
        0.75,
        1.0,
        0.75,
        1.0
      ],
      "soft_error": [
        0.9171104859657236,
        3.073184342973981,
        3.0748707459695055,
        1.0863897609856665,
        0.9096827459899093,
        0.5209862428871195,
        0.958959065921304,
        0.39655277714840886,
        0.7905788572063183,
        0.5188838984307095
      ],
      "nfe": [
        3430,
        3430,
        3430,
        3430,
        3430,
        3430,
        3580,
        3730,
        3430,
        3430
      ]
    },
    "20": {
      "recall": [
        0.75,
        0.75,
        0.5,
        1.0,
        0.75,
        1.0,
        0.75,
        1.0,
        0.75,
        1.0
      ],
      "soft_error": [
        0.5326360339184111,
        0.6693987462726794,
        3.0466078110181085,
        0.33095616157689095,
        0.8434956103780936,
        0.2533190029326111,
        0.4352416013496195,
        0.27869656569285545,
        0.7632930820020726,
        0.3938316196505701
      ],
      "nfe": [
        6680,
        6380,
        6380,
        6380,
        6380,
        6380,
        6380,
        6380,
        6380,
        6380
      ]
    },
    "30": {
      "recall": [
        1.0,
        0.75,
        0.5,
        1.0,
        0.75,
        1.0,
        0.75,
        1.0,
        0.75,
        1.0
      ],
      "soft_error": [
        0.3974003454941708,
        0.5778057311526323,
        3.036589361552682,
        0.33095616157689095,
        0.8434956103780936,
        0.2533190029326111,
        0.39358174073661084,
        0.27869656569285545,
        0.35325068457639763,
        0.3814455876088852
      ],
      "nfe": [
        9780,
        9330,
        9330,
        9330,
        9330,
        9330,
        9330,
        9330,
        9330,
        9330
      ]
    },
    "50": {
      "recall": [
        1.0,
        0.75,
        0.75,
        1.0,
        0.75,
        1.0,
        1.0,
        1.0,
        0.75,
        1.0
      ],
      "soft_error": [
        0.37758303231994594,
        0.5693462709491133,
        0.4295548360656751,
        0.33095616157689095,
        0.5718929428619377,
        0.1858504385965341,
        0.24723369304536874,
        0.2780550642036523,
        0.33674669178962324,
        0.3324290041317546
      ],
      "nfe": [
        15230,
        15230,
        15230,
        15230,
        15230,
        15230,
        15230,
        15980,
        15230,
        15230
      ]
    },
    "75": {
      "recall": [
        1.0,
        0.75,
        0.75,
        1.0,
        0.75,
        1.0,
        1.0,
        1.0,
        0.75,
        1.0
      ],
      "soft_error": [
        0.30868330268303307,
        0.4560703726704771,
        0.3292903117805414,
        0.32071399757640806,
        0.5062024123451023,
        0.164440593563893,
        0.24119790991449597,
        0.2811808039886697,
        0.3419411045282988,
        0.29919115772019944
      ],
      "nfe": [
        22605,
        23730,
        22605,
        22605,
        22605,
        22605,
        22605,
        22605,
        24855,
        22605
      ]
    },
    "100": {
      "recall": [
        1.0,
        0.75,
        1.0,
        1.0,
        0.75,
        1.0,
        1.0,
        1.0,
        0.75,
        1.0
      ],
      "soft_error": [
        0.30780964183795273,
        0.44518429017468786,
        0.2519841609624635,
        0.28841668405847076,
        0.3640612915182323,
        0.162803535436216,
        0.2233584748735561,
        0.2806046056686709,
        0.33507292637967867,
        0.19244075835957714
      ],
      "nfe": [
        31480,
        29980,
        29980,
        31480,
        29980,
        29980,
        29980,
        31480,
        29980,
        29980
      ]
    }
  },
  "config": {
    "dim": 2,
    "K": 4,
    "n_runs": 10
  }
}