{
  "method": "v2",
  "K": 4,
  "n_runs": 15,
  "recall": {
    "values": [
      0.75,
      0.75,
      0.75,
      0.75,
      0.75,
      0.75,
      0.75,
      0.75,
      0.75,
      0.75,
      0.75,
      0.75,
      0.75,
      0.75,
      0.75
    ],
    "mean": 0.75,
    "std": 0.0
  },
  "soft_error": {
    "values": [
      14.528772472551129,
      14.651782290271173,
      14.726832481787179,
      14.230563353527375,
      13.437181781198067,
      14.440407738360294,
      5.073806907700103,
      8.076760433560096,
      14.448873347786815,
      14.66875265276547,
      14.681137694385761,
      14.603892579629237,
      14.625960138183052,
      4.478280779197388,
      14.240444849912024
    ],
    "mean": 12.727563300054346,
    "std": 3.5105743159127036
  },
  "nfe": {
    "values": [
      21390,
      21545,
      21240,
      21285,
      21310,
      20935,
      21520,
      21435,
      21520,
      21480,
      21210,
      21320,
      21475,
      21370,
      21450
    ],
    "mean": 21365.666666666668,
    "std": 153.74076304683226
  }
}