{
  "method": "v3f3",
  "n_particles": [
    10,
    20,
    30,
    50,
    75,
    100
  ],
  "recall_mean": [
    0.875,
    1.0,
    1.0,
    1.0,
    1.0,
    1.0
  ],
  "recall_std": [
    0.20155644370746376,
    0.0,
    0.0,
    0.0,
    0.0,
    0.0
  ],
  "soft_mean": [
    3.3722274343728422,
    1.1078149424175137,
    0.997436487636121,
    0.9311439681257777,
    0.8615335505085812,
    0.8322430867948881
  ],
  "soft_std": [
    3.612216805309376,
    0.13002009461339323,
    0.13185128935667448,
    0.09572979645162928,
    0.05985662913234044,
    0.05825354412723928
  ],
  "nfe_mean": [
    5770.0,
    9290.0,
    12420.0,
    19775.0,
    28237.5,
    36550.0
  ],
  "raw": {
    "10": {
      "recall": [
        0.5,
        1.0,
        1.0,
        0.5,
        1.0,
        1.0,
        1.0,
        1.0,
        1.0,
        0.75
      ],
      "soft_error": [
        6.319522039372889,
        1.1633848631783699,
        1.306267295133386,
        12.46281399494383,
        1.2143506959168318,
        1.2327758310578925,
        1.307210828771934,
        1.304571260935574,
        1.25486824693402,
        6.156509287483695
      ],
      "nfe": [
        5800,
        5500,
        5950,
        5650,
        5950,
        5800,
        6100,
        5650,
        5650,
        5650
      ]
    },
    "20": {
      "recall": [
        1.0,
        1.0,
        1.0,
        1.0,
        1.0,
        1.0,
        1.0,
        1.0,
        1.0,
        1.0
      ],
      "soft_error": [
        1.2219149966745844,
        0.8554649690741964,
        1.2469127314239,
        1.1513878724073865,
        0.9365056314048592,
        1.1073462518932904,
        1.0773089934521973,
        1.294180413418522,
        1.146902937259214,
        1.0402246271669868
      ],
      "nfe": [
        9200,
        9200,
        9200,
        9500,
        9500,
        9500,
        9500,
        9500,
        8600,
        9200
      ]
    },
    "30": {
      "recall": [
        1.0,
        1.0,
        1.0,
        1.0,
        1.0,
        1.0,
        1.0,
        1.0,
        1.0,
        1.0
      ],
      "soft_error": [
        1.1425073455936108,
        0.8554649690741964,
        1.230674860346425,
        0.9751195369684371,
        0.9354942634474698,
        0.8491999237373684,
        1.0753635579775866,
        0.8011234543174361,
        1.0742719459810837,
        1.0351450189175968
      ],
      "nfe": [
        12150,
        12600,
        12150,
        12600,
        12150,
        12150,
        12600,
        12150,
        12600,
        13050
      ]
    },
    "50": {
      "recall": [
        1.0,
        1.0,
        1.0,
        1.0,
        1.0,
        1.0,
        1.0,
        1.0,
        1.0,
        1.0
      ],
      "soft_error": [
        1.011713748405277,
        0.8554649690741964,
        1.0895482701800827,
        0.8730323632608296,
        0.9365056314048592,
        0.8445505144466474,
        1.0353083197943347,
        0.7825959783096159,
        1.0131291356848915,
        0.8695907506970427
      ],
      "nfe": [
        20150,
        19400,
        20150,
        19400,
        20150,
        19400,
        20150,
        20900,
        17900,
        20150
      ]
    },
    "75": {
      "recall": [
        1.0,
        1.0,
        1.0,
        1.0,
        1.0,
        1.0,
        1.0,
        1.0,
        1.0,
        1.0
      ],
      "soft_error": [
        0.8420886751614514,
        0.840858886306493,
        0.9100878393283469,
        0.8043758501917125,
        0.8753028413704295,
        0.8373759295058845,
        0.9715653177770056,
        0.775405427321319,
        0.9442529495120793,
        0.8140217886110912
      ],
      "nfe": [
        30150,
        25650,
        25650,
        27900,
        27900,
        27900,
        29025,
        27900,
        27900,
        32400
      ]
    },
    "100": {
      "recall": [
        1.0,
        1.0,
        1.0,
        1.0,
        1.0,
        1.0,
        1.0,
        1.0,
        1.0,
        1.0
      ],
      "soft_error": [
        0.8418427132555923,
        0.8455464884214811,
        0.9097902451218559,
        0.7591230782725519,
        0.8213625956644128,
        0.8100265651070868,
        0.9289254967660985,
        0.7523518885233605,
        0.8810572454971687,
        0.7724045513192745
      ],
      "nfe": [
        36400,
        37900,
        37900,
        37900,
        34900,
        34900,
        37900,
        36400,
        31900,
        39400
      ]
    }
  },
  "config": {
    "dim": 10,
    "K": 4,
    "n_runs": 10
  }
}