{
  "method": "v3f3",
  "n_particles": [
    10,
    20,
    30,
    50,
    75,
    100
  ],
  "recall_mean": [
    0.275,
    0.275,
    0.3,
    0.325,
    0.325,
    0.325
  ],
  "recall_std": [
    0.075,
    0.075,
    0.1,
    0.11456439237389598,
    0.11456439237389598,
    0.11456439237389598
  ],
  "soft_mean": [
    21.97522407116734,
    17.607707788463436,
    14.389673711929925,
    13.632846052530965,
    13.492793037201926,
    13.369445834690064
  ],
  "soft_std": [
    6.448913310436352,
    4.114036726854375,
    2.8094961636503544,
    3.3115822837990025,
    3.3778039963224162,
    3.3861281433776753
  ],
  "nfe_mean": [
    15010.0,
    18080.0,
    21075.0,
    27200.0,
    35137.5,
    42400.0
  ],
  "raw": {
    "10": {
      "recall": [
        0.25,
        0.25,
        0.25,
        0.25,
        0.25,
        0.5,
        0.25,
        0.25,
        0.25,
        0.25
      ],
      "soft_error": [
        12.026140314807952,
        17.63567090896849,
        16.433000229392416,
        28.384481177732233,
        26.665884334683895,
        16.403216630084735,
        28.873206947465412,
        15.990438341894896,
        28.97166132583429,
        28.368540500809075
      ],
      "nfe": [
        15100,
        14950,
        14950,
        15100,
        14950,
        14950,
        14950,
        15100,
        14950,
        15100
      ]
    },
    "20": {
      "recall": [
        0.25,
        0.25,
        0.25,
        0.25,
        0.25,
        0.5,
        0.25,
        0.25,
        0.25,
        0.25
      ],
      "soft_error": [
        11.991564585759686,
        16.454544590436974,
        16.147040921859375,
        16.311529449858917,
        16.712928306768504,
        16.376513942823994,
        20.94314494742481,
        15.974540965396839,
        16.79645070927406,
        28.36881946503118
      ],
      "nfe": [
        18200,
        17900,
        17900,
        18200,
        18200,
        17900,
        18200,
        18200,
        18200,
        17900
      ]
    },
    "30": {
      "recall": [
        0.25,
        0.25,
        0.25,
        0.25,
        0.5,
        0.5,
        0.25,
        0.25,
        0.25,
        0.25
      ],
      "soft_error": [
        11.950611714684879,
        16.15591894442659,
        16.008970188609393,
        16.276497432547337,
        15.302745841914026,
        16.17178611661954,
        9.089206473356574,
        9.729054706712908,
        16.47966980458935,
        16.732275895838647
      ],
      "nfe": [
        20850,
        20850,
        20850,
        20850,
        20850,
        21300,
        21300,
        21300,
        21300,
        21300
      ]
    },
    "50": {
      "recall": [
        0.5,
        0.25,
        0.25,
        0.25,
        0.5,
        0.5,
        0.25,
        0.25,
        0.25,
        0.25
      ],
      "soft_error": [
        10.504806588171629,
        16.15591894442659,
        15.962120686711387,
        15.134629771297234,
        15.302745841914026,
        15.710967031590128,
        6.454690879372462,
        9.453711019839439,
        16.07939884730691,
        15.56947091467986
      ],
      "nfe": [
        26750,
        26750,
        27500,
        27500,
        26750,
        26750,
        27500,
        27500,
        28250,
        26750
      ]
    },
    "75": {
      "recall": [
        0.5,
        0.25,
        0.25,
        0.5,
        0.25,
        0.5,
        0.25,
        0.25,
        0.25,
        0.25
      ],
      "soft_error": [
        10.229139188437296,
        16.09562634717518,
        15.949523092195555,
        14.831947296634683,
        15.302012260912102,
        15.710967031590128,
        6.148773249328569,
        9.33489785462234,
        15.728956840660649,
        15.596087210462754
      ],
      "nfe": [
        34125,
        35250,
        35250,
        35250,
        35250,
        34125,
        36375,
        35250,
        35250,
        35250
      ]
    },
    "100": {
      "recall": [
        0.5,
        0.25,
        0.25,
        0.5,
        0.25,
        0.5,
        0.25,
        0.25,
        0.25,
        0.25
      ],
      "soft_error": [
        10.242826129644689,
        16.09187367469476,
        15.863944351048893,
        14.829891032336572,
        15.302012260912102,
        14.899392319608628,
        5.9019563435649784,
        9.262903552153162,
        15.730187768256975,
        15.56947091467986
      ],
      "nfe": [
        43000,
        43000,
        41500,
        43000,
        43000,
        43000,
        41500,
        41500,
        43000,
        41500
      ]
    }
  },
  "config": {
    "dim": 50,
    "K": 4,
    "n_runs": 10
  }
}