{
  "v1": {
    "recall": {
      "mean": [
        1.0,
        0.6888888888888889,
        0.8666666666666667,
        0.84,
        0.788888888888889,
        0.8666666666666668
      ],
      "std": [
        0.0,
        0.1911627837120584,
        0.23921166824012208,
        0.14966629547095764,
        0.16629588385661964,
        0.035634832254989916
      ]
    },
    "soft_error": {
      "mean": [
        0.20142363753981443,
        1.9258942706237179,
        1.3551278334786805,
        0.7572681841176793,
        1.02145838315029,
        0.7356814186203671
      ],
      "std": [
        0.05877018626894522,
        1.6890031156046301,
        1.6655602888338301,
        0.30888374194398216,
        0.33233048095127765,
        0.22923801226633284
      ]
    },
    "nfe": {
      "mean": [
        27162.066666666666,
        34903.066666666666,
        36153.0,
        48275.666666666664,
        63637.333333333336,
        64718.46666666667
      ],
      "std": [
        8438.365287713545,
        12908.811845488422,
        6761.195377544812,
        7084.517510427619,
        8310.049696334887,
        12376.763755073007
      ]
    }
  },
  "v2": {
    "recall": {
      "mean": [
        1.0,
        0.9333333333333333,
        0.9833333333333333,
        0.9866666666666667,
        0.9777777777777779,
        0.980952380952381
      ],
      "std": [
        0.0,
        0.13333333333333333,
        0.06236095644623236,
        0.04988876515698587,
        0.05665577237325315,
        0.048562090605645584
      ]
    },
    "soft_error": {
      "mean": [
        0.20417448979275926,
        0.44822722276993526,
        0.3768700581419272,
        0.3887466605379593,
        0.4464754634590753,
        0.3752136894423221
      ],
      "std": [
        0.04996954604349494,
        0.3238608689768906,
        0.10744402036472676,
        0.08977756164941861,
        0.07015364558125906,
        0.07079998272355754
      ]
    },
    "nfe": {
      "mean": [
        39243.0,
        47739.26666666667,
        48162.26666666667,
        49586.13333333333,
        55088.2,
        48324.53333333333
      ],
      "std": [
        15816.30277487968,
        8218.623578731957,
        6572.928839481598,
        5562.044922108735,
        2950.728773258114,
        4578.697687722521
      ]
    }
  },
  "v3f1": {
    "recall": {
      "mean": [
        1.0,
        0.8444444444444444,
        0.8833333333333333,
        0.8266666666666667,
        0.7444444444444444,
        0.7904761904761906
      ],
      "std": [
        0.0,
        0.16629588385661961,
        0.12472191289246475,
        0.16110727964792765,
        0.13425606637327306,
        0.16385381461033574
      ]
    },
    "soft_error": {
      "mean": [
        0.18999002799157066,
        1.4894870861384963,
        1.2462188751387842,
        1.3617490266613745,
        1.462254039690926,
        1.1212633371435914
      ],
      "std": [
        0.06414223677682705,
        1.6791738308976332,
        1.1850841139081318,
        1.1290175478275526,
        0.695307492354098,
        0.5674326911313777
      ]
    },
    "nfe": {
      "mean": [
        3615.3333333333335,
        3627.3333333333335,
        3640.6666666666665,
        3650.0,
        3656.0,
        3668.6666666666665
      ],
      "std": [
        7.888106377466154,
        20.28683207293725,
        26.04269997949948,
        26.8824602048746,
        26.025628394590846,
        43.91911757866828
      ]
    }
  },
  "v3f2": {
    "recall": {
      "mean": [
        1.0,
        0.8444444444444444,
        0.95,
        0.92,
        0.9000000000000002,
        0.942857142857143
      ],
      "std": [
        0.0,
        0.16629588385661961,
        0.09999999999999999,
        0.12220201853215572,
        0.10183501544346311,
        0.06998542122237654
      ]
    },
    "soft_error": {
      "mean": [
        0.15732233499975584,
        1.1943086626033477,
        0.6519900624564844,
        0.6266293544228685,
        0.6495701619866974,
        0.4514268816278913
      ],
      "std": [
        0.05143543551730642,
        1.6004436370349995,
        0.8400717061833682,
        0.6924851853217561,
        0.4251919610089402,
        0.24660591819707042
      ]
    },
    "nfe": {
      "mean": [
        7885.333333333333,
        8096.666666666667,
        9133.333333333334,
        9937.333333333334,
        10554.666666666666,
        10478.0
      ],
      "std": [
        1096.903925702804,
        919.8598927131361,
        493.37837632209033,
        628.1875162366374,
        818.5341912359081,
        1071.9713926531188
      ]
    }
  },
  "v3f3": {
    "recall": {
      "mean": [
        1.0,
        0.8222222222222222,
        0.95,
        0.92,
        0.9000000000000002,
        0.9523809523809526
      ],
      "std": [
        0.0,
        0.16629588385661961,
        0.09999999999999999,
        0.12220201853215572,
        0.10183501544346311,
        0.0673435029701474
      ]
    },
    "soft_error": {
      "mean": [
        0.12638703306582377,
        1.2813502790503744,
        0.5712037334944189,
        0.5974032687418637,
        0.6077893426010267,
        0.3418526415141289
      ],
      "std": [
        0.056822362581737174,
        1.6015351696012663,
        0.8285892132371643,
        0.631395457938928,
        0.42306893319195754,
        0.24222304825017862
      ]
    },
    "nfe": {
      "mean": [
        21130.0,
        21270.0,
        21410.0,
        21480.0,
        21620.0,
        21970.0
      ],
      "std": [
        0.0,
        356.9313659514949,
        602.1627686929838,
        734.1661937191061,
        649.1532946846993,
        1028.7856919689348
      ]
    }
  },
  "b0": {
    "recall": {
      "mean": [
        1.0,
        0.9333333333333333,
        1.0,
        1.0,
        0.9777777777777779,
        0.980952380952381
      ],
      "std": [
        0.0,
        0.13333333333333333,
        0.0,
        0.0,
        0.05665577237325315,
        0.04856209060564559
      ]
    },
    "soft_error": {
      "mean": [
        0.15356661853429424,
        0.8673927603171446,
        0.20258537111747543,
        0.19961746423782545,
        0.25422743753601823,
        0.21380334768203654
      ],
      "std": [
        0.02915819937664458,
        1.397361721505733,
        0.038293481449878486,
        0.03388681022419296,
        0.09118451983888566,
        0.05917870871353006
      ]
    },
    "nfe": {
      "mean": [
        1000000.0,
        1000000.0,
        1000000.0,
        1000000.0,
        1000000.0,
        1000000.0
      ],
      "std": [
        0.0,
        0.0,
        0.0,
        0.0,
        0.0,
        0.0
      ]
    }
  },
  "b10": {
    "recall": {
      "mean": [
        1.0,
        0.9333333333333333,
        0.9833333333333333,
        1.0,
        0.9555555555555557,
        0.9904761904761905
      ],
      "std": [
        0.0,
        0.13333333333333333,
        0.06236095644623236,
        0.0,
        0.07370277311900887,
        0.03563483225498992
      ]
    },
    "soft_error": {
      "mean": [
        0.14482595431989123,
        0.9132467187032663,
        0.18754397493109087,
        0.19518574905443797,
        0.30046059080733073,
        0.1664532728331195
      ],
      "std": [
        0.040325096597103864,
        1.498626176791837,
        0.061075466713869715,
        0.043966128130578486,
        0.18285592411914148,
        0.024520234183333166
      ]
    },
    "nfe": {
      "mean": [
        1010000.0,
        1010000.0,
        1010000.0,
        1010000.0,
        1010000.0,
        1010000.0
      ],
      "std": [
        0.0,
        0.0,
        0.0,
        0.0,
        0.0,
        0.0
      ]
    }
  },
  "k_values": [
    2,
    3,
    4,
    5,
    6,
    7
  ],
  "config": {
    "dim": 2,
    "n_seeds": 5,
    "n_init_seeds": 3,