{
  "method": "v3f1",
  "recall_mean": 0.8,
  "recall_std": 0.1632993161855452,
  "soft_mean": 1.304329054658049,
  "soft_std": 1.2257219542626263,
  "nfe_mean": 3572.6666666666665,
  "baseline_n_samples": [
    1,
    2,
    5,
    10,
    20,
    50,
    100,
    200,
    500,
    1000
  ],
  "b0": {
    "recall_mean": [
      0.2,
      0.3333333333333333,
      0.43333333333333335,
      0.6,
      0.7833333333333333,
      0.9,
      0.95,
      0.9833333333333333,
      1.0,
      1.0
    ],
    "recall_std": [
      0.1,
      0.11785113019775793,
      0.1699673171197595,
      0.12247448713915891,
      0.12472191289246472,
      0.12247448713915893,
      0.09999999999999999,
      0.06236095644623236,
      0.0,
      0.0
    ],
    "soft_mean": [
      8.892828042718913,
      6.651092251854033,
      4.618847886370614,
      2.5778318121922283,
      1.1025921157844973,
      0.38679234515111016,
      0.26248771096475826,
      0.17640495554675512,
      0.12865786445172242,
      0.11987256367005611
    ],
    "soft_std": [
      1.1662504652579524,
      2.3681067708716785,
      2.478270195545247,
      1.4397180994612648,
      0.9081755636364766,
      0.21147788712849183,
      0.1779741306831034,
      0.0777067640797508,
      0.06473377773538937,
      0.025704452993337196
    ],
    "nfe_mean": [
      1000.0,
      2000.0,
      5000.0,
      10000.0,
      20000.0,
      50000.0,
      100000.0,
      200000.0,
      500000.0,
      1000000.0
    ]
  },
  "b10": {
    "recall_mean": [
      0.23333333333333334,
      0.35,
      0.5833333333333334,
      0.75,
      0.9,
      0.9666666666666667,
      1.0,
      1.0,
      1.0,
      1.0
    ],
    "recall_std": [
      0.062360956446232366,
      0.12247448713915893,
      0.11785113019775792,
      0.15811388300841897,
      0.12247448713915891,
      0.08498365855987974,
      0.0,
      0.0,
      0.0,
      0.0
    ],
    "soft_mean": [
      8.568471710906646,
      6.187460954877887,
      2.7556143667386195,
      1.3672149855205002,
      0.5011766701133727,
      0.15524711776944264,
      0.1090023559574209,
      0.09140684454650334,
      0.06883788943545924,
      0.06021136604132907
    ],
    "soft_std": [
      1.3532658795671986,
      2.66719321108608,
      1.2328495392992516,
      1.142226715234054,
      0.42170444401569973,
      0.09539864992539052,
      0.0466610094298105,
      0.04308053608005882,
      0.03221637473001891,
      0.017032031928335214
    ],
    "nfe_mean": [
      1010.0,
      2020.0,
      5050.0,
      10100.0,
      20200.0,
      50500.0,
      101000.0,
      202000.0,
      505000.0,
      1010000.0
    ]
  },
  "config": {
    "dim": 1,
    "K": 4,
    "n_runs": 15
  }
}