{
  "method": "v3f1",
  "K": 4,
  "n_runs": 15,
  "recall": {
    "values": [
      1.0,
      1.0,
      0.5,
      0.75,
      0.75,
      1.0,
      0.75,
      1.0,
      0.75,
      0.75,
      0.75,
      0.5,
      1.0,
      0.75,
      1.0
    ],
    "mean": 0.8166666666666667,
    "std": 0.1699673171197595
  },
  "soft_error": {
    "values": [
      0.2962566418750896,
      0.38826740591919207,
      3.0859898819626177,
      0.45798528858020715,
      0.7771069822755112,
      0.4147869820387937,
      0.549569298302784,
      0.3339298666524147,
      0.777156247988864,
      0.5422117822110646,
      0.8011442027036855,
      0.8067931940796382,
      0.39784565665731814,
      0.5712651855776033,
      0.35807769714031523
    ],
    "mean": 0.7038924209310067,
    "std": 0.659932929861456
  },
  "nfe": {
    "values": [
      3612,
      3612,
      3612,
      3642,
      3622,
      3712,
      3782,
      3612,
      3612,
      3612,
      3612,
      3752,
      3612,
      3732,
      3612
    ],
    "mean": 3650.0,
    "std": 59.01412260354861
  }
}