{
  "method": "v3f2",
  "n_particles": [
    10,
    20,
    30,
    50,
    75,
    100
  ],
  "recall_mean": [
    0.9,
    1.0,
    1.0,
    1.0,
    1.0,
    1.0
  ],
  "recall_std": [
    0.16583123951777,
    0.0,
    0.0,
    0.0,
    0.0,
    0.0
  ],
  "soft_mean": [
    2.9455252010667365,
    0.7372136946616833,
    0.7372077798683,
    0.7372985699123185,
    0.737291702314189,
    0.7371462952646951
  ],
  "soft_std": [
    3.777251170484772,
    0.0004929448705412006,
    0.0005024450133171794,
    0.000319281681748827,
    0.00033410234203682315,
    0.0005929764725609775
  ],
  "nfe_mean": [
    1881.0,
    3251.0,
    4570.0,
    7095.0,
    10281.0,
    13381.0
  ],
  "raw": {
    "10": {
      "recall": [
        0.75,
        1.0,
        1.0,
        0.5,
        1.0,
        1.0,
        1.0,
        1.0,
        1.0,
        0.75
      ],
      "soft_error": [
        5.902899415605599,
        0.7374556591973915,
        0.7371900860943701,
        12.487768888259858,
        0.7373200065495997,
        0.7374153346795149,
        0.7375162424465928,
        0.7374506500632086,
        0.7374819368144351,
        5.902753790956796
      ],
      "nfe": [
        1770,
        1920,
        1970,
        1670,
        1990,
        1920,
        1860,
        1960,
        1930,
        1820
      ]
    },
    "20": {
      "recall": [
        1.0,
        1.0,
        1.0,
        1.0,
        1.0,
        1.0,
        1.0,
        1.0,
        1.0,
        1.0
      ],
      "soft_error": [
        0.7374503976061133,
        0.737461574188914,
        0.7371525298704283,
        0.7373580730380423,
        0.7371627170876666,
        0.7373888616966144,
        0.7375623194476097,
        0.737421016040937,
        0.7357799704237618,
        0.7373994872167459
      ],
      "nfe": [
        3270,
        3170,
        3260,
        3180,
        3350,
        3210,
        3310,
        3230,
        3290,
        3240
      ]
    },
    "30": {
      "recall": [
        1.0,
        1.0,
        1.0,
        1.0,
        1.0,
        1.0,
        1.0,
        1.0,
        1.0,
        1.0
      ],
      "soft_error": [
        0.7374413949731291,
        0.7375251427186473,
        0.7370587492494962,
        0.7371558252226363,
        0.737358766063879,
        0.7373855599895793,
        0.7376370495882163,
        0.7373626915159547,
        0.7357750221548796,
        0.7373775972065834
      ],
      "nfe": [
        4530,
        4540,
        4600,
        4520,
        4640,
        4590,
        4700,
        4550,
        4470,
        4560
      ]
    },
    "50": {
      "recall": [
        1.0,
        1.0,
        1.0,
        1.0,
        1.0,
        1.0,
        1.0,
        1.0,
        1.0,
        1.0
      ],
      "soft_error": [
        0.7376197494461988,
        0.737400067132578,
        0.7370579615345292,
        0.7365419762641926,
        0.7373623481834073,
        0.7373403772921998,
        0.737634146453388,
        0.7370360765984939,
        0.7374259907240321,
        0.7375670054941638
      ],
      "nfe": [
        7150,
        6940,
        7180,
        7060,
        7180,
        7170,
        7160,
        7040,
        6980,
        7090
      ]
    },
    "75": {
      "recall": [
        1.0,
        1.0,
        1.0,
        1.0,
        1.0,
        1.0,
        1.0,
        1.0,
        1.0,
        1.0
      ],
      "soft_error": [
        0.7373716868660829,
        0.7375639647125147,
        0.7370524284332907,
        0.7364169149426598,
        0.7376051518209017,
        0.7373339708543792,
        0.7375384221246086,
        0.7371940948957565,
        0.7373503407446589,
        0.7374900477470361
      ],
      "nfe": [
        10310,
        10160,
        10430,
        10290,
        10370,
        10330,
        10270,
        10330,
        10200,
        10120
      ]
    },
    "100": {
      "recall": [
        1.0,
        1.0,
        1.0,
        1.0,
        1.0,
        1.0,
        1.0,
        1.0,
        1.0,
        1.0
      ],
      "soft_error": [
        0.7373515300350257,
        0.7357222826716535,
        0.737218606383399,
        0.7363302394983805,
        0.7375690581004403,
        0.7373178874186005,
        0.7375617850849909,
        0.73721725234815,
        0.7376036981266755,
        0.7375706129796358
      ],
      "nfe": [
        13330,
        13290,
        13570,
        13250,
        13380,
        13600,
        13270,
        13570,
        13360,
        13190
      ]
    }
  },
  "config": {
    "dim": 10,
    "K": 4,
    "n_runs": 10
  }
}