{
  "config": {
    "config_path": "configs/presets/dim50.yaml",
    "dim": 50,
    "k_values": [
      7
    ],
    "methods": [
      "v2"
    ],
    "n_seeds": 1,
    "n_init_seeds": 1,
    "eps_values": [
      1.0,
      2.0,
      3.0,
      4.5,
      5.0
    ],
    "baseline_samples": 2000,
    "note": "Each method is run once per K/dist_seed/init_seed; same found modes are evaluated at multiple eps_hit radii."
  },
  "runs": [
    {
      "method": "v2",
      "K": 7,
      "dist_seed": 0,
      "init_seed": 0,
      "nfe": 20595,
      "n_modes_returned": 10,
      "metrics_by_eps": {
        "1.0": {
          "recall": 0.14285714285714285,
          "precision": 0.1,
          "f1": 0.11764705882352941,
          "soft_error": 9.425895612926837,
          "n_found": 10
        },
        "2.0": {
          "recall": 0.42857142857142855,
          "precision": 0.3,
          "f1": 0.3529411764705882,
          "soft_error": 9.425895612926837,
          "n_found": 10
        },
        "3.0": {
          "recall": 0.5714285714285714,
          "precision": 0.4,
          "f1": 0.47058823529411764,
          "soft_error": 9.425895612926837,
          "n_found": 10
        },
        "4.5": {
          "recall": 0.8571428571428571,
          "precision": 0.6,
          "f1": 0.7058823529411764,
          "soft_error": 9.425895612926837,
          "n_found": 10
        },
        "5.0": {
          "recall": 0.8571428571428571,
          "precision": 0.6,
          "f1": 0.7058823529411764,
          "soft_error": 9.425895612926837,
          "n_found": 10
        }
      }
    }
  ],
  "summary_by_k": {
    "7": {
      "v2": {
        "1.0": {
          "recall": {
            "mean": 0.14285714285714285,
            "std": 0.0
          },
          "precision": {
            "mean": 0.1,
            "std": 0.0
          },
          "f1": {
            "mean": 0.11764705882352941,
            "std": 0.0
          },
          "soft_error": {
            "mean": 9.425895612926837,
            "std": 0.0
          },
          "n_found": {
            "mean": 10.0,
            "std": 0.0
          }
        },
        "2.0": {
          "recall": {
            "mean": 0.42857142857142855,
            "std": 0.0
          },
          "precision": {
            "mean": 0.3,
            "std": 0.0
          },
          "f1": {
            "mean": 0.3529411764705882,
            "std": 0.0
          },
          "soft_error": {
            "mean": 9.425895612926837,
            "std": 0.0
          },
          "n_found": {
            "mean": 10.0,
            "std": 0.0
          }
        },
        "3.0": {
          "recall": {
            "mean": 0.5714285714285714,
            "std": 0.0
          },
          "precision": {
            "mean": 0.4,
            "std": 0.0
          },
          "f1": {
            "mean": 0.47058823529411764,
            "std": 0.0
          },
          "soft_error": {
            "mean": 9.425895612926837,
            "std": 0.0
          },
          "n_found": {
            "mean": 10.0,
            "std": 0.0
          }
        },
        "4.5": {
          "recall": {
            "mean": 0.8571428571428571,
            "std": 0.0
          },
          "precision": {
            "mean": 0.6,
            "std": 0.0
          },
          "f1": {
            "mean": 0.7058823529411764,
            "std": 0.0
          },
          "soft_error": {
            "mean": 9.425895612926837,
            "std": 0.0
          },
          "n_found": {
            "mean": 10.0,
            "std": 0.0
          }
        },
        "5.0": {
          "recall": {
            "mean": 0.8571428571428571,
            "std": 0.0
          },
          "precision": {
            "mean": 0.6,
            "std": 0.0
          },
          "f1": {
            "mean": 0.7058823529411764,
            "std": 0.0
          },
          "soft_error": {
            "mean": 9.425895612926837,
            "std": 0.0
          },
          "n_found": {
            "mean": 10.0,
            "std": 0.0
          }
        },
        "nfe": {
          "mean": 20595.0,
          "std": 0.0
        },
        "n_modes_returned": {
          "mean": 10.0,
          "std": 0.0
        }
      }
    }
  },
  "summary_overall": {
    "v2": {
      "1.0": {
        "recall": {
          "mean": 0.14285714285714285,
          "std": 0.0
        },
        "precision": {
          "mean": 0.1,
          "std": 0.0
        },
        "f1": {
          "mean": 0.11764705882352941,
          "std": 0.0
        },
        "soft_error": {
          "mean": 9.425895612926837,
          "std": 0.0
        },
        "n_found": {
          "mean": 10.0,
          "std": 0.0
        }
      },
      "2.0": {
        "recall": {
          "mean": 0.42857142857142855,
          "std": 0.0
        },
        "precision": {
          "mean": 0.3,
          "std": 0.0
        },
        "f1": {
          "mean": 0.3529411764705882,
          "std": 0.0
        },
        "soft_error": {
          "mean": 9.425895612926837,
          "std": 0.0
        },
        "n_found": {
          "mean": 10.0,
          "std": 0.0
        }
      },
      "3.0": {
        "recall": {
          "mean": 0.5714285714285714,
          "std": 0.0
        },
        "precision": {
          "mean": 0.4,
          "std": 0.0
        },
        "f1": {
          "mean": 0.47058823529411764,
          "std": 0.0
        },
        "soft_error": {
          "mean": 9.425895612926837,
          "std": 0.0
        },
        "n_found": {
          "mean": 10.0,
          "std": 0.0
        }
      },
      "4.5": {
        "recall": {
          "mean": 0.8571428571428571,
          "std": 0.0
        },
        "precision": {
          "mean": 0.6,
          "std": 0.0
        },
        "f1": {
          "mean": 0.7058823529411764,
          "std": 0.0
        },
        "soft_error": {
          "mean": 9.425895612926837,
          "std": 0.0
        },
        "n_found": {
          "mean": 10.0,
          "std": 0.0
        }
      },
      "5.0": {
        "recall": {
          "mean": 0.8571428571428571,
          "std": 0.0
        },
        "precision": {
          "mean": 0.6,
          "std": 0.0
        },
        "f1": {
          "mean": 0.7058823529411764,
          "std": 0.0
        },
        "soft_error": {
          "mean": 9.425895612926837,
          "std": 0.0
        },
        "n_found": {
          "mean": 10.0,
          "std": 0.0
        }
      },
      "nfe": {
        "mean": 20595.0,
        "std": 0.0
      },
      "n_modes_returned": {
        "mean": 10.0,
        "std": 0.0
      }
    }
  }
}