{
  "method": "v2",
  "K": 4,
  "n_runs": 15,
  "recall": {
    "values": [
      0.75,
      1.0,
      1.0,
      1.0,
      1.0,
      1.0,
      1.0,
      1.0,
      1.0,
      1.0,
      1.0,
      1.0,
      1.0,
      1.0,
      1.0
    ],
    "mean": 0.9833333333333333,
    "std": 0.06236095644623236
  },
  "soft_error": {
    "values": [
      1.0653675560854479,
      0.28639406779437426,
      0.11449646464237778,
      0.10327638113288923,
      0.12178310271553738,
      0.13528342288676753,
      0.12250355196771562,
      0.13416571082270473,
      0.2403949753999705,
      0.2519315667654819,
      0.12195091879882713,
      0.22368934411913943,
      0.20993312628728994,
      0.25813539064921703,
      0.11901816416002825
    ],
    "mean": 0.23388824961518456,
    "std": 0.23056871119898584
  },
  "nfe": {
    "values": [
      10168,
      8822,
      9458,
      12008,
      11044,
      10970,
      10526,
      12534,
      10480,
      10972,
      11498,
      11188,
      10382,
      12510,
      12702
    ],
    "mean": 11017.466666666667,
    "std": 1080.7154338163627
  }
}