{
  "method": "v1",
  "k_values": [
    2,
    3,
    4,
    5,
    6,
    7
  ],
  "recall": {
    "mean": [
      1.0,
      0.6888888888888889,
      0.8666666666666667,
      0.84,
      0.788888888888889,
      0.8666666666666668
    ],
    "std": [
      0.0,
      0.1911627837120584,
      0.23921166824012208,
      0.14966629547095764,
      0.16629588385661964,
      0.035634832254989916
    ]
  },
  "soft_error": {
    "mean": [
      0.20142363753981443,
      1.9258942706237179,
      1.3551278334786805,
      0.7572681841176793,
      1.02145838315029,
      0.7356814186203671
    ],
    "std": [
      0.05877018626894522,
      1.6890031156046301,
      1.6655602888338301,
      0.30888374194398216,
      0.33233048095127765,
      0.22923801226633284
    ]
  },
  "nfe": {
    "mean": [
      27162.066666666666,
      34903.066666666666,
      36153.0,
      48275.666666666664,
      63637.333333333336,
      64718.46666666667
    ],
    "std": [
      8438.365287713545,
      12908.811845488422,
      6761.195377544812,
      7084.517510427619,
      8310.049696334887,
      12376.763755073007
    ]
  }
}