{
  "method": "v1",
  "K": 4,
  "n_runs": 15,
  "recall": {
    "values": [
      1.0,
      1.0,
      1.0,
      1.0,
      1.0,
      1.0,
      1.0,
      1.0,
      1.0,
      1.0,
      1.0,
      1.0,
      1.0,
      1.0,
      1.0
    ],
    "mean": 1.0,
    "std": 0.0
  },
  "soft_error": {
    "values": [
      0.08607048734656836,
      0.12702562241645687,
      0.1371805196640135,
      0.10900720073310383,
      0.10967662066848122,
      0.12378950669795757,
      0.14097997300305132,
      0.11520961867891977,
      0.11424847535992722,
      0.10351711152675674,
      0.09611320391215528,
      0.10230151328554699,
      0.12445907387903649,
      0.1179669371592183,
      0.12248758758017109
    ],
    "mean": 0.11533556346075763,
    "std": 0.014359791069686975
  },
  "nfe": {
    "values": [
      24150,
      24640,
      25780,
      21090,
      28795,
      28460,
      26350,
      28930,
      26630,
      28400,
      25250,
      27170,
      21170,
      26590,
      28580
    ],
    "mean": 26132.333333333332,
    "std": 2451.647654582979
  }
}