{
  "method": "v3f3",
  "k_values": [
    2,
    3,
    4,
    5,
    6,
    7
  ],
  "recall": {
    "mean": [
      0.8333333333333334,
      0.8888888888888888,
      0.6,
      0.56,
      0.6222222222222222,
      0.5047619047619047
    ],
    "std": [
      0.23570226039551587,
      0.19876159799998133,
      0.2549509756796392,
      0.13063945294843615,
      0.14229164972072997,
      0.1263476110611581
    ]
  },
  "soft_error": {
    "mean": [
      0.6640829779135836,
      0.6996542262928308,
      0.9414997726524937,
      1.2344023165032503,
      1.0576828002290124,
      1.3201938113602494
    ],
    "std": [
      0.25298237246136507,
      0.1813446280255867,
      0.1879143637103565,
      0.8166976931720691,
      0.30661650278021035,
      0.6757214748667901
    ]
  },
  "nfe": {
    "mean": [
      48600.0,
      49650.0,
      50400.0,
      51900.0,
      52350.0,
      54600.0
    ],
    "std": [
      1812.4568960391857,
      1955.7607215607945,
      2418.677324489565,
      3354.1019662496847,
      2446.4259645450134,
      3272.613634390714
    ]
  }
}