{
  "method": "v3f1",
  "k_values": [
    2,
    3,
    4,
    5,
    6,
    7
  ],
  "recall": {
    "mean": [
      1.0,
      0.8444444444444444,
      0.8833333333333333,
      0.8266666666666667,
      0.7444444444444444,
      0.7904761904761906
    ],
    "std": [
      0.0,
      0.16629588385661961,
      0.12472191289246475,
      0.16110727964792765,
      0.13425606637327306,
      0.16385381461033574
    ]
  },
  "soft_error": {
    "mean": [
      0.18999002799157066,
      1.4894870861384963,
      1.2462188751387842,
      1.3617490266613745,
      1.462254039690926,
      1.1212633371435914
    ],
    "std": [
      0.06414223677682705,
      1.6791738308976332,
      1.1850841139081318,
      1.1290175478275526,
      0.695307492354098,
      0.5674326911313777
    ]
  },
  "nfe": {
    "mean": [
      3615.3333333333335,
      3627.3333333333335,
      3640.6666666666665,
      3650.0,
      3656.0,
      3668.6666666666665
    ],
    "std": [
      7.888106377466154,
      20.28683207293725,
      26.04269997949948,
      26.8824602048746,
      26.025628394590846,
      43.91911757866828
    ]
  }
}