{
  "v1": {
    "recall": {
      "values": [
        1.0,
        1.0,
        1.0,
        1.0,
        1.0,
        1.0,
        1.0,
        1.0,
        1.0,
        1.0,
        1.0,
        1.0,
        1.0,
        1.0,
        1.0
      ],
      "mean": 1.0,
      "std": 0.0
    },
    "soft_error": {
      "values": [
        0.08607048734656836,
        0.12702562241645687,
        0.1371805196640135,
        0.10900720073310383,
        0.10967662066848122,
        0.12378950669795757,
        0.14097997300305132,
        0.11520961867891977,
        0.11424847535992722,
        0.10351711152675674,
        0.09611320391215528,
        0.10230151328554699,
        0.12445907387903649,
        0.1179669371592183,
        0.12248758758017109
      ],
      "mean": 0.11533556346075763,
      "std": 0.014359791069686975
    },
    "nfe": {
      "values": [
        24150,
        24640,
        25780,
        21090,
        28795,
        28460,
        26350,
        28930,
        26630,
        28400,
        25250,
        27170,
        21170,
        26590,
        28580
      ],
      "mean": 26132.333333333332,
      "std": 2451.647654582979
    }
  },
  "v2": {
    "recall": {
      "values": [
        0.75,
        1.0,
        1.0,
        1.0,
        1.0,
        1.0,
        1.0,
        1.0,
        1.0,
        1.0,
        1.0,
        1.0,
        1.0,
        1.0,
        1.0
      ],
      "mean": 0.9833333333333333,
      "std": 0.06236095644623236
    },
    "soft_error": {
      "values": [
        1.0653675560854479,
        0.28639406779437426,
        0.11449646464237778,
        0.10327638113288923,
        0.12178310271553738,
        0.13528342288676753,
        0.12250355196771562,
        0.13416571082270473,
        0.2403949753999705,
        0.2519315667654819,
        0.12195091879882713,
        0.22368934411913943,
        0.20993312628728994,
        0.25813539064921703,
        0.11901816416002825
      ],
      "mean": 0.23388824961518456,
      "std": 0.23056871119898584
    },
    "nfe": {
      "values": [
        10168,
        8822,
        9458,
        12008,
        11044,
        10970,
        10526,
        12534,
        10480,
        10972,
        11498,
        11188,
        10382,
        12510,
        12702
      ],
      "mean": 11017.466666666667,
      "std": 1080.7154338163627
    }
  },
  "v3f1": {
    "recall": {
      "values": [
        0.75,
        0.75,
        1.0,
        0.75,
        1.0,
        0.75,
        1.0,
        0.75,
        1.0,
        0.75,
        0.75,
        0.75,
        1.0,
        0.5,
        0.5
      ],
      "mean": 0.8,
      "std": 0.1632993161855452
    },
    "soft_error": {
      "values": [
        1.1435185172077669,
        1.1444289702933852,
        0.28616272401172704,
        1.1438863544461464,
        0.28676008261085073,
        1.1436620571547915,
        0.2862829112882874,
        1.065504878635869,
        0.2862143243399595,
        1.1444564577122678,
        1.1437234759137886,
        1.1437255646603728,
        0.2863351580481659,
        4.451242705849708,
        4.45191368864702
      ],
      "mean": 1.2938545247213404,
      "std": 1.2968493336856215
    },
    "nfe": {
      "values": [
        3490,
        3490,
        3490,
        3510,
        3530,
        3490,
        3510,
        3510,
        3550,
        3490,
        3490,
        3510,
        3490,
        3490,
        3490
      ],
      "mean": 3502.0,
      "std": 17.587874611030557
    }
  },
  "b0": {
    "recall": {
      "values": [
        1.0,
        1.0,
        1.0,
        1.0,
        1.0,
        1.0,
        1.0,
        1.0,
        1.0,
        1.0,
        1.0,
        1.0,
        1.0,
        1.0,
        1.0
      ],
      "mean": 1.0,
      "std": 0.0
    },
    "soft_error": {
      "values": [
        0.2119892001477769,
        0.11272434178386348,
        0.10964477584914689,
        0.14611309620802576,
        0.1167056136329171,
        0.18902062157900418,
        0.0947140775867994,
        0.10851919097576954,
        0.15949242385876072,
        0.12656740937504402,
        0.08693218944274328,
        0.12495916551992864,
        0.08991981238926361,
        0.13148565213880403,
        0.09793953723009391
      ],
      "mean": 0.1271151405145294,
      "std": 0.03496172955962899
    },
    "nfe": {
      "values": [
        1000000,
        1000000,
        1000000,
        1000000,
        1000000,
        1000000,
        1000000,
        1000000,
        1000000,
        1000000,
        1000000,
        1000000,
        1000000,
        1000000,
        1000000
      ],
      "mean": 1000000.0,
      "std": 0.0
    }
  },
  "b10": {
    "recall": {
      "values": [
        1.0,
        1.0,
        1.0,
        1.0,
        1.0,
        1.0,
        1.0,
        1.0,
        1.0,
        1.0,
        1.0,
        1.0,
        1.0,
        1.0,
        1.0
      ],
      "mean": 1.0,
      "std": 0.0
    },
    "soft_error": {
      "values": [
        0.033715903653845025,
        0.0379600821873991,
        0.06898555237430948,
        0.08322180966221193,
        0.02172201794009787,
        0.051018584541525414,
        0.0723409466226439,
        0.08468996363088088,
        0.06849479685808735,
        0.12608696827701227,
        0.06414331587046185,
        0.018166065994686065,
        0.0654444646867125,
        0.04941016446138935,
        0.05019255996068406
      ],
      "mean": 0.05970621311479647,
      "std": 0.02651784226676921
    },
    "nfe": {
      "values": [
        1010000,
        1010000,
        1010000,
        1010000,
        1010000,
        1010000,
        1010000,
        1010000,
        1010000,
        1010000,
        1010000,
        1010000,
        1010000,
        1010000,
        1010000
      ],
      "mean": 1010000.0,
      "std": 0.0
    }
  },
  "config": {
    "dim": 1,
    "K": 4,
    "n_runs": 15,
    "methods": [
      "v1",
      "v2",
      "v3f1",
      "b0",
      "b10"
    ],
    "note": "v3f2/v3f3 excluded (population-based)"
  }
}