{
  "method": "v3f1",
  "K": 4,
  "n_runs": 15,
  "recall": {
    "values": [
      0.75,
      0.75,
      0.75,
      1.0,
      0.75,
      0.75,
      1.0,
      0.75,
      0.75,
      0.75,
      1.0,
      0.75,
      0.75,
      0.75,
      0.75
    ],
    "mean": 0.8,
    "std": 0.09999999999999999
  },
  "soft_error": {
    "values": [
      2.3823995683946046,
      2.3826183011298214,
      10.94175517296984,
      2.1556356444470484,
      10.9415867586043,
      10.941097398095692,
      2.263877817958018,
      2.381915657500251,
      2.3829852215651814,
      2.355814566741454,
      2.1749768830544123,
      10.94140893807092,
      2.379584869558495,
      2.3787989390485444,
      2.346282749391295
    ],
    "mean": 4.623382565768659,
    "std": 3.81060500784397
  },
  "nfe": {
    "values": [
      13350,
      13450,
      13340,
      13460,
      13340,
      13340,
      13380,
      13360,
      13360,
      13450,
      13550,
      13340,
      13350,
      13450,
      13360
    ],
    "mean": 13392.0,
    "std": 61.773780845922005
  }
}