{
  "method": "v1",
  "k_values": [
    2,
    3,
    4,
    5,
    6,
    7
  ],
  "recall": {
    "mean": [
      1.0,
      1.0,
      0.9833333333333333,
      0.9866666666666667,
      1.0,
      0.8666666666666668
    ],
    "std": [
      0.0,
      0.0,
      0.06236095644623236,
      0.04988876515698587,
      0.0,
      0.06317380553057904
    ]
  },
  "soft_error": {
    "mean": [
      0.1445923316098151,
      0.1709522157591644,
      0.32170041858315923,
      0.23153752592958535,
      0.18189138154283888,
      0.38317091916198653
    ],
    "std": [
      0.04513362976629351,
      0.04615368726716241,
      0.24957623872519177,
      0.151126795710713,
      0.04415136990082658,
      0.10554370892709072
    ]
  },
  "nfe": {
    "mean": [
      12511.266666666666,
      20331.133333333335,
      22430.6,
      28650.533333333333,
      29267.466666666667,
      34504.8
    ],
    "std": [
      2521.8001630228796,
      2420.7102777674345,
      3477.497851425169,
      4468.025453026078,
      3014.8594188710613,
      5966.114784905388
    ]
  }
}