{
  "v1": {
    "recall": {
      "values": [
        0.75,
        0.75,
        0.75,
        0.75,
        0.75,
        0.75,
        0.75,
        0.75,
        0.75,
        0.75,
        0.75,
        0.75,
        0.75,
        0.75,
        0.75
      ],
      "mean": 0.75,
      "std": 0.0
    },
    "soft_error": {
      "values": [
        0.801129602985402,
        0.8011295506901639,
        0.8011295700155072,
        0.8011295537273293,
        0.8011295679727777,
        0.8011295732022186,
        0.8011295650335841,
        0.8011295649712245,
        0.8011295984887761,
        0.8011295467232653,
        0.8011295581496192,
        0.8011296267476519,
        0.8011296061949185,
        0.801129646927444,
        0.8011295635218331
      ],
      "mean": 0.8011295796901143,
      "std": 2.871186073942676e-08
    },
    "nfe": {
      "values": [
        46970,
        42158,
        41178,
        42736,
        38851,
        45321,
        41964,
        45966,
        42763,
        44840,
        40829,
        41941,
        41269,
        43207,
        47216
      ],
      "mean": 43147.26666666667,
      "std": 2339.4583836625284
    }
  },
  "v2": {
    "recall": {
      "values": [
        1.0,
        1.0,
        1.0,
        1.0,
        1.0,
        1.0,
        1.0,
        1.0,
        1.0,
        1.0,
        1.0,
        1.0,
        1.0,
        1.0,
        1.0
      ],
      "mean": 1.0,
      "std": 0.0
    },
    "soft_error": {
      "values": [
        0.2050578824061073,
        0.28428665060621,
        0.3083622793452212,
        0.27999643525143647,
        0.307221038351155,
        0.3490577386009889,
        0.19803367023982518,
        0.3724197048623515,
        0.30751632800599604,
        0.3478330319548772,
        0.28494289951379725,
        0.19534665908845372,
        0.23237239628013087,
        0.25920352525143464,
        0.2420240713401247
      ],
      "mean": 0.27824495407320726,
      "std": 0.054070874348900004
    },
    "nfe": {
      "values": [
        38637,
        36564,
        34588,
        38719,
        38506,
        45770,
        46360,
        46888,
        44608,
        47194,
        39500,
        38196,
        46044,
        45608,
        47053
      ],
      "mean": 42282.333333333336,
      "std": 4351.965788264221
    }
  },
  "v3f1": {
    "recall": {
      "values": [
        1.0,
        1.0,
        0.5,
        0.75,
        0.75,
        1.0,
        0.75,
        1.0,
        0.75,
        0.75,
        0.75,
        0.5,
        1.0,
        0.75,
        1.0
      ],
      "mean": 0.8166666666666667,
      "std": 0.1699673171197595
    },
    "soft_error": {
      "values": [
        0.2962566418750896,
        0.38826740591919207,
        3.0859898819626177,
        0.45798528858020715,
        0.7771069822755112,
        0.4147869820387937,
        0.549569298302784,
        0.3339298666524147,
        0.777156247988864,
        0.5422117822110646,
        0.8011442027036855,
        0.8067931940796382,
        0.39784565665731814,
        0.5712651855776033,
        0.35807769714031523
      ],
      "mean": 0.7038924209310067,
      "std": 0.659932929861456
    },
    "nfe": {
      "values": [
        3612,
        3612,
        3612,
        3642,
        3622,
        3712,
        3782,
        3612,
        3612,
        3612,
        3612,
        3752,
        3612,
        3732,
        3612
      ],
      "mean": 3650.0,
      "std": 59.01412260354861
    }
  },
  "b0": {
    "recall": {
      "values": [
        1.0,
        1.0,
        1.0,
        1.0,
        1.0,
        1.0,
        1.0,
        1.0,
        1.0,
        1.0,
        1.0,
        1.0,
        1.0,
        1.0,
        1.0
      ],
      "mean": 1.0,
      "std": 0.0
    },
    "soft_error": {
      "values": [
        0.2092093759553175,
        0.15836758445977697,
        0.1825250992945731,
        0.2076427292158866,
        0.23379258009693862,
        0.14016207290267818,
        0.17478222288267686,
        0.08723955064020332,
        0.1646795349829998,
        0.159270223754397,
        0.16499980507426554,
        0.22943195159163798,
        0.15753320734577442,
        0.1951507386928034,
        0.15365557199686408
      ],
      "mean": 0.1745628165924529,
      "std": 0.03607577577954046
    },
    "nfe": {
      "values": [
        1000000,
        1000000,
        1000000,
        1000000,
        1000000,
        1000000,
        1000000,
        1000000,
        1000000,
        1000000,
        1000000,
        1000000,
        1000000,
        1000000,
        1000000
      ],
      "mean": 1000000.0,
      "std": 0.0
    }
  },
  "b10": {
    "recall": {
      "values": [
        1.0,
        1.0,
        1.0,
        1.0,
        1.0,
        1.0,
        1.0,
        1.0,
        1.0,
        1.0,
        1.0,
        1.0,
        1.0,
        1.0,
        1.0
      ],
      "mean": 1.0,
      "std": 0.0
    },
    "soft_error": {
      "values": [
        0.21001650886640932,
        0.26976591973951547,
        0.14503890965985694,
        0.1724127638638625,
        0.13148773030190095,
        0.0927480940269311,
        0.2323713512921246,
        0.14820890393776232,
        0.12099434917328777,
        0.19565045004456783,
        0.10499582428259475,
        0.1611376455063203,
        0.14634895585685656,
        0.17361961904243745,
        0.14751625631812437
      ],
      "mean": 0.16348755212750352,
      "std": 0.046047021327540065
    },
    "nfe": {
      "values": [
        1010000,
        1010000,
        1010000,
        1010000,
        1010000,
        1010000,
        1010000,
        1010000,
        1010000,
        1010000,
        1010000,
        1010000,
        1010000,
        1010000,
        1010000
      ],
      "mean": 1010000.0,
      "std": 0.0
    }
  },
  "config": {
    "dim": 2,
    "K": 4,
    "n_runs": 15,
    "methods": [
      "v1",
      "v2",
      "v3f1",
      "b0",
      "b10"
    ],
    "note": "v3f2/v3f3 excluded (population-based)"
  }
}