{
  "method": "v1",
  "recall_mean": 0.75,
  "recall_std": 0.0,
  "soft_mean": 0.949410578186314,
  "soft_std": 1.385106586321479e-06,
  "nfe_mean": 44148.666666666664,
  "baseline_n_samples": [
    1,
    2,
    5,
    10,
    20,
    50,
    100,
    200,
    500,
    1000
  ],
  "b0": {
    "recall_mean": [
      0.18333333333333332,
      0.2833333333333333,
      0.45,
      0.6333333333333333,
      0.7166666666666667,
      0.8833333333333333,
      0.9666666666666667,
      0.9666666666666667,
      0.9833333333333333,
      1.0
    ],
    "recall_std": [
      0.11055415967851333,
      0.12472191289246472,
      0.18708286933869708,
      0.17950549357115014,
      0.1247219128924647,
      0.12472191289246475,
      0.08498365855987974,
      0.08498365855987974,
      0.06236095644623236,
      0.0
    ],
    "soft_mean": [
      9.609440566453884,
      5.329332138828491,
      2.5288563496706673,
      1.3569176261986209,
      0.9318828060063209,
      0.5383537741569788,
      0.3580461839646528,
      0.3137876866696507,
      0.24640433206964077,
      0.21594109170575973
    ],
    "soft_std": [
      2.235159754564333,
      2.669866476693989,
      1.9795241694888053,
      0.9056854232647269,
      0.5362921146553791,
      0.14172239187591507,
      0.11164710925817892,
      0.10390083175013964,
      0.07480728111046724,
      0.0572596866843158
    ],
    "nfe_mean": [
      1000.0,
      2000.0,
      5000.0,
      10000.0,
      20000.0,
      50000.0,
      100000.0,
      200000.0,
      500000.0,
      1000000.0
    ]
  },
  "b10": {
    "recall_mean": [
      0.23333333333333334,
      0.43333333333333335,
      0.5666666666666667,
      0.75,
      0.8333333333333334,
      0.9166666666666666,
      0.9833333333333333,
      1.0,
      1.0,
      1.0
    ],
    "recall_std": [
      0.062360956446232366,
      0.11055415967851334,
      0.14337208778404376,
      0.15811388300841897,
      0.149071198499986,
      0.11785113019775792,
      0.06236095644623236,
      0.0,
      0.0,
      0.0
    ],
    "soft_mean": [
      8.51363684764588,
      3.9863051214815,
      2.201234854452347,
      0.8820103443932065,
      0.5866794374144242,
      0.41190880110614436,
      0.303562759825379,
      0.2391727728377036,
      0.18008374887704284,
      0.1670843943557841
    ],
    "soft_std": [
      2.1244389393902963,
      1.5716931144672504,
      1.7181029303670134,
      0.654009956754462,
      0.2327554708695385,
      0.17752497871663614,
      0.06758437083807461,
      0.08150426196764282,
      0.03730105091531166,
      0.03345339623937462
    ],
    "nfe_mean": [
      1010.0,
      2020.0,
      5050.0,
      10100.0,
      20200.0,
      50500.0,
      101000.0,
      202000.0,
      505000.0,
      1010000.0
    ]
  },
  "config": {
    "dim": 2,
    "K": 4,
    "n_runs": 15
  }
}