{
  "method": "v2",
  "k_values": [
    2,
    3,
    4,
    5,
    6,
    7
  ],
  "recall": {
    "mean": [
      1.0,
      0.9333333333333333,
      0.9833333333333333,
      0.9866666666666667,
      0.9777777777777779,
      0.980952380952381
    ],
    "std": [
      0.0,
      0.13333333333333333,
      0.06236095644623236,
      0.04988876515698587,
      0.05665577237325315,
      0.048562090605645584
    ]
  },
  "soft_error": {
    "mean": [
      0.20417448979275926,
      0.44822722276993526,
      0.3768700581419272,
      0.3887466605379593,
      0.4464754634590753,
      0.3752136894423221
    ],
    "std": [
      0.04996954604349494,
      0.3238608689768906,
      0.10744402036472676,
      0.08977756164941861,
      0.07015364558125906,
      0.07079998272355754
    ]
  },
  "nfe": {
    "mean": [
      39243.0,
      47739.26666666667,
      48162.26666666667,
      49586.13333333333,
      55088.2,
      48324.53333333333
    ],
    "std": [
      15816.30277487968,
      8218.623578731957,
      6572.928839481598,
      5562.044922108735,
      2950.728773258114,
      4578.697687722521
    ]
  }
}