{
  "method": "v2",
  "K": 4,
  "n_runs": 15,
  "recall": {
    "values": [
      1.0,
      1.0,
      1.0,
      1.0,
      1.0,
      1.0,
      1.0,
      1.0,
      1.0,
      1.0,
      1.0,
      1.0,
      1.0,
      1.0,
      1.0
    ],
    "mean": 1.0,
    "std": 0.0
  },
  "soft_error": {
    "values": [
      0.7815455523849911,
      0.7818809756107333,
      0.7818247369534089,
      0.7819323818011281,
      0.7818428366613472,
      0.7815060508986214,
      0.7815257302027269,
      0.7817692704356337,
      0.7814904146514873,
      0.7818448207691511,
      0.7818322207498893,
      0.7818062034884996,
      0.7816262838205443,
      0.7819660055689268,
      0.781842027932197
    ],
    "mean": 0.7817490341286192,
    "std": 0.00015775807083510956
  },
  "nfe": {
    "values": [
      10065,
      10265,
      10075,
      10150,
      10265,
      10295,
      10010,
      10205,
      10055,
      10240,
      10070,
      10390,
      10235,
      9985,
      10340
    ],
    "mean": 10176.333333333334,
    "std": 122.26292251628136
  }
}