{
  "method": "v3f2",
  "k_values": [
    2,
    3,
    4,
    5,
    6,
    7
  ],
  "recall": {
    "mean": [
      1.0,
      1.0,
      0.9,
      0.8266666666666668,
      0.8777777777777778,
      0.7142857142857141
    ],
    "std": [
      0.0,
      0.0,
      0.12247448713915893,
      0.09977753031397177,
      0.15475986974649023,
      0.07377111135633174
    ]
  },
  "soft_error": {
    "mean": [
      0.19459153193999496,
      0.2345097680132904,
      0.6735534023484198,
      0.6705532600139154,
      0.5912986282981053,
      0.8924076477051412
    ],
    "std": [
      0.07449397069527552,
      0.042335147833002754,
      0.49635615218198464,
      0.3135473786220005,
      0.4669949780604505,
      0.2951454174705729
    ]
  },
  "nfe": {
    "mean": [
      4677.333333333333,
      5465.333333333333,
      5702.666666666667,
      6097.333333333333,
      6644.0,
      6594.666666666667
    ],
    "std": [
      169.21255535239956,
      213.09987225607517,
      302.24640426130605,
      228.37007003740416,
      581.8682554209902,
      373.9138343997926
    ]
  }
}