{
  "method": "v3f3",
  "recall_mean": 0.55,
  "recall_std": 0.09999999999999999,
  "soft_mean": 10.548941462328541,
  "soft_std": 3.3538803325236577,
  "nfe_mean": 56250.0,
  "baseline_n_samples": [
    1,
    2,
    5,
    10,
    20,
    50,
    100,
    200,
    500,
    1000
  ],
  "b0": {
    "recall_mean": [
      0.1,
      0.16666666666666666,
      0.25,
      0.25,
      0.25,
      0.25,
      0.25,
      0.25,
      0.25,
      0.25
    ],
    "recall_std": [
      0.12247448713915891,
      0.11785113019775793,
      0.0,
      0.0,
      0.0,
      0.0,
      0.0,
      0.0,
      0.0,
      0.0
    ],
    "soft_mean": [
      45.594625613773594,
      39.74028288610396,
      33.88725899560503,
      28.7003630711294,
      22.303487212064187,
      18.44244280243043,
      15.791038888941797,
      15.043870985695742,
      13.636173464724118,
      12.658923464570544
    ],
    "soft_std": [
      1.24089858564868,
      7.561212073390791,
      10.825848604338358,
      8.528088692419107,
      5.8405436991927075,
      4.167543511326378,
      1.956272538180444,
      2.3931818792102186,
      3.1753177135084067,
      3.4727218110453157
    ],
    "nfe_mean": [
      1000.0,
      2000.0,
      5000.0,
      10000.0,
      20000.0,
      50000.0,
      100000.0,
      200000.0,
      500000.0,
      1000000.0
    ]
  },
  "b10": {
    "recall_mean": [
      0.21666666666666667,
      0.25,
      0.26666666666666666,
      0.31666666666666665,
      0.36666666666666664,
      0.4666666666666667,
      0.5,
      0.5,
      0.5,
      0.5
    ],
    "recall_std": [
      0.08498365855987974,
      0.0,
      0.06236095644623236,
      0.11055415967851333,
      0.1247219128924647,
      0.08498365855987974,
      0.0,
      0.0,
      0.0,
      0.0
    ],
    "soft_mean": [
      45.7811854962716,
      40.32284892991454,
      31.817630942645895,
      24.986163899699683,
      20.26198629186461,
      16.55527626043376,
      14.714551328766523,
      14.24681413249469,
      13.290946415145816,
      11.81008417672882
    ],
    "soft_std": [
      0.7168737083156388,
      7.838479833014926,
      9.288083124625745,
      8.118452013703875,
      6.00267478851848,
      3.158117458171507,
      2.651663042642633,
      2.550764565280394,
      3.310199765418467,
      3.4122779648112616
    ],
    "nfe_mean": [
      1010.0,
      2020.0,
      5050.0,
      10100.0,
      20200.0,
      50500.0,
      101000.0,
      202000.0,
      505000.0,
      1010000.0
    ]
  },
  "config": {
    "dim": 50,
    "K": 4,
    "n_runs": 15
  }
}