{
  "method": "v3f2",
  "n_particles": [
    10,
    20,
    30,
    50,
    75,
    100
  ],
  "recall_mean": [
    0.725,
    0.875,
    0.9,
    0.975,
    0.975,
    0.975
  ],
  "recall_std": [
    0.175,
    0.125,
    0.12247448713915891,
    0.075,
    0.075,
    0.075
  ],
  "soft_mean": [
    1.9201777473249202,
    0.7360412281764619,
    0.6541510711831873,
    0.37222996776684325,
    0.3593131526151241,
    0.3467090691953196
  ],
  "soft_std": [
    1.554093937436228,
    0.4301280273103513,
    0.4173099781448669,
    0.1902750967016985,
    0.19799304953816885,
    0.2041100403405445
  ],
  "nfe_mean": [
    2116.0,
    3194.0,
    4060.0,
    5656.0,
    7466.0,
    9222.0
  ],
  "raw": {
    "10": {
      "recall": [
        0.5,
        0.75,
        0.5,
        0.75,
        1.0,
        0.75,
        0.75,
        0.5,
        1.0,
        0.75
      ],
      "soft_error": [
        4.269105810916154,
        1.1779294240035005,
        4.191888720948285,
        1.1504879598368776,
        0.32209494554154094,
        1.1525412016527614,
        1.1679782870705093,
        4.269214824718127,
        0.32230771656407775,
        1.1782285819973684
      ],
      "nfe": [
        1580,
        2140,
        2300,
        2360,
        2340,
        2340,
        2300,
        1600,
        2380,
        1820
      ]
    },
    "20": {
      "recall": [
        1.0,
        0.75,
        1.0,
        0.75,
        1.0,
        0.75,
        1.0,
        0.75,
        1.0,
        0.75
      ],
      "soft_error": [
        0.32185346306638873,
        1.1781234335638162,
        0.24470039058969117,
        1.1508446456261798,
        0.3215198795936125,
        1.1524892477480981,
        0.322242938829854,
        1.1684571249191502,
        0.3224393647725579,
        1.1777417930552707
      ],
      "nfe": [
        3460,
        2760,
        3740,
        3120,
        3540,
        3140,
        3780,
        2660,
        3180,
        2560
      ]
    },
    "30": {
      "recall": [
        1.0,
        0.75,
        1.0,
        0.75,
        1.0,
        0.75,
        1.0,
        1.0,
        1.0,
        0.75
      ],
      "soft_error": [
        0.3223990082564958,
        1.1779488607754818,
        0.30716724167839216,
        1.1507270019442037,
        0.32224544835891367,
        1.1527987246730254,
        0.3222285605364368,
        0.2853810002269421,
        0.3221717327145832,
        1.1784431326673974
      ],
      "nfe": [
        4500,
        3660,
        4220,
        3820,
        4120,
        3940,
        4640,
        4300,
        4140,
        3260
      ]
    },
    "50": {
      "recall": [
        1.0,
        1.0,
        1.0,
        0.75,
        1.0,
        1.0,
        1.0,
        1.0,
        1.0,
        1.0
      ],
      "soft_error": [
        0.32178333402120707,
        0.32198779560153407,
        0.30767081590425693,
        0.9371165689984772,
        0.23869854751335146,
        0.34287864641738464,
        0.3219511192655897,
        0.2855646324291321,
        0.32215611225051904,
        0.32249210526698
      ],
      "nfe": [
        5700,
        5420,
        5800,
        5380,
        5760,
        5560,
        6020,
        5740,
        5960,
        5220
      ]
    },
    "75": {
      "recall": [
        1.0,
        1.0,
        1.0,
        0.75,
        1.0,
        1.0,
        1.0,
        1.0,
        1.0,
        1.0
      ],
      "soft_error": [
        0.32173304206642916,
        0.3218154773572855,
        0.30710802225234346,
        0.9371012894804168,
        0.23850277837825,
        0.17919991715292583,
        0.3218680681940843,
        0.3220813287200581,
        0.3219115238823531,
        0.3218100786670942
      ],
      "nfe": [
        7510,
        7170,
        7550,
        7150,
        7530,
        7650,
        7770,
        7170,
        7430,
        7730
      ]
    },
    "100": {
      "recall": [
        1.0,
        1.0,
        1.0,
        0.75,
        1.0,
        1.0,
        1.0,
        1.0,
        1.0,
        1.0
      ],
      "soft_error": [
        0.3225760623160807,
        0.32223392894454506,
        0.3072295793644706,
        0.9374041560159432,
        0.23838483441083141,
        0.17924125852850747,
        0.32193310565057454,
        0.3220492916675008,
        0.19392944690327824,
        0.3221090281514641
      ],
      "nfe": [
        9100,
        8740,
        9280,
        8820,
        9260,
        9860,
        9320,
        8920,
        9520,
        9400
      ]
    }
  },
  "config": {
    "dim": 1,
    "K": 4,
    "n_runs": 10
  }
}