{
  "method": "v3f1",
  "recall_mean": 0.75,
  "recall_std": 0.0,
  "soft_mean": 5.718313689513593,
  "soft_std": 4.104650707277712,
  "nfe_mean": 13452.666666666666,
  "baseline_n_samples": [
    1,
    2,
    5,
    10,
    20,
    50,
    100,
    200,
    500,
    1000
  ],
  "b0": {
    "recall_mean": [
      0.13333333333333333,
      0.2,
      0.21666666666666667,
      0.2833333333333333,
      0.3,
      0.35,
      0.48333333333333334,
      0.55,
      0.7,
      0.8
    ],
    "recall_std": [
      0.1247219128924647,
      0.13540064007726602,
      0.12472191289246472,
      0.08498365855987974,
      0.1,
      0.12247448713915893,
      0.19293061504650377,
      0.18708286933869706,
      0.135400640077266,
      0.09999999999999999
    ],
    "soft_mean": [
      32.12659183339283,
      24.448151164988463,
      18.065192197903446,
      13.578774346994928,
      8.842001048593026,
      5.344658095488199,
      4.0228015236681705,
      3.2643425265869226,
      3.070246623554629,
      2.9492575772666743
    ],
    "soft_std": [
      0.5439976156372219,
      4.358712484808129,
      6.184050273773432,
      5.23575214650212,
      5.0608158457040595,
      3.2250127255274577,
      2.0420966885596115,
      0.14715034796240387,
      0.15332187212123316,
      0.1221276891693066
    ],
    "nfe_mean": [
      1000.0,
      2000.0,
      5000.0,
      10000.0,
      20000.0,
      50000.0,
      100000.0,
      200000.0,
      500000.0,
      1000000.0
    ]
  },
  "b10": {
    "recall_mean": [
      0.08333333333333333,
      0.2,
      0.26666666666666666,
      0.4666666666666667,
      0.6166666666666667,
      0.7666666666666667,
      0.8,
      0.85,
      0.9666666666666667,
      0.9833333333333333
    ],
    "recall_std": [
      0.11785113019775793,
      0.13540064007726602,
      0.11055415967851331,
      0.20138409955990952,
      0.17950549357115014,
      0.14337208778404376,
      0.135400640077266,
      0.12247448713915893,
      0.08498365855987973,
      0.06236095644623236
    ],
    "soft_mean": [
      32.09082654977654,
      23.972892168600072,
      19.612011840809675,
      11.52443571318239,
      7.3030259300757,
      4.350812496622116,
      3.117437317165057,
      2.3871128922273557,
      2.2239633369800007,
      2.1350952938531993
    ],
    "soft_std": [
      0.5402703251904694,
      4.83346976974339,
      3.08830556224921,
      6.327378477793085,
      5.244750605895006,
      3.2963848879713,
      2.0798730712785174,
      0.13228014371839586,
      0.1074220788288683,
      0.12887040475585895
    ],
    "nfe_mean": [
      1010.0,
      2020.0,
      5050.0,
      10100.0,
      20200.0,
      50500.0,
      101000.0,
      202000.0,
      505000.0,
      1010000.0
    ]
  },
  "config": {
    "dim": 30,
    "K": 4,
    "n_runs": 15
  }
}