{
  "method": "v3f3",
  "k_values": [
    2,
    3,
    4,
    5,
    6,
    7
  ],
  "recall": {
    "mean": [
      1.0,
      0.8222222222222222,
      0.95,
      0.92,
      0.9000000000000002,
      0.9523809523809526
    ],
    "std": [
      0.0,
      0.16629588385661961,
      0.09999999999999999,
      0.12220201853215572,
      0.10183501544346311,
      0.0673435029701474
    ]
  },
  "soft_error": {
    "mean": [
      0.12638703306582377,
      1.2813502790503744,
      0.5712037334944189,
      0.5974032687418637,
      0.6077893426010267,
      0.3418526415141289
    ],
    "std": [
      0.056822362581737174,
      1.6015351696012663,
      0.8285892132371643,
      0.631395457938928,
      0.42306893319195754,
      0.24222304825017862
    ]
  },
  "nfe": {
    "mean": [
      21130.0,
      21270.0,
      21410.0,
      21480.0,
      21620.0,
      21970.0
    ],
    "std": [
      0.0,
      356.9313659514949,
      602.1627686929838,
      734.1661937191061,
      649.1532946846993,
      1028.7856919689348
    ]
  }
}