{
  "method": "v3f2",
  "n_particles": [
    10,
    20,
    30,
    50,
    75,
    100
  ],
  "recall_mean": [
    0.725,
    0.825,
    0.825,
    0.875,
    0.9,
    0.95
  ],
  "recall_std": [
    0.175,
    0.16007810593582122,
    0.16007810593582122,
    0.125,
    0.12247448713915891,
    0.09999999999999999
  ],
  "soft_mean": [
    1.3019391308557546,
    0.7969275851840709,
    0.7399291663710693,
    0.4331333449673225,
    0.34624269790650275,
    0.2946620788189437
  ],
  "soft_std": [
    1.0046441288579666,
    0.8069135472404875,
    0.8216844748148452,
    0.15015666600902058,
    0.10971266137087365,
    0.09169641689024567
  ],
  "nfe_mean": [
    2069.0,
    3339.0,
    4562.0,
    6480.0,
    8685.0,
    10737.0
  ],
  "raw": {
    "10": {
      "recall": [
        0.75,
        0.5,
        0.5,
        0.5,
        0.75,
        1.0,
        0.75,
        1.0,
        0.75,
        0.75
      ],
      "soft_error": [
        0.9066263393007539,
        3.1336905003742874,
        3.130599379164713,
        1.886572403756071,
        0.912343297989427,
        0.2931796721690535,
        0.9404292922944533,
        0.33635044726851293,
        0.8648726604833592,
        0.6147273157569164
      ],
      "nfe": [
        2210,
        2210,
        1530,
        1530,
        2440,
        2450,
        2070,
        2210,
        1870,
        2170
      ]
    },
    "20": {
      "recall": [
        1.0,
        0.75,
        0.5,
        0.75,
        0.75,
        1.0,
        1.0,
        1.0,
        0.75,
        0.75
      ],
      "soft_error": [
        0.3436503599288784,
        0.8030146844750257,
        3.1223197507976996,
        0.5257831838099556,
        0.8989707386760286,
        0.2504831757680876,
        0.42277687939927144,
        0.25964359006555293,
        0.8377440781144102,
        0.5048894108058002
      ],
      "nfe": [
        3270,
        3730,
        2580,
        3150,
        3280,
        3750,
        3510,
        3510,
        3150,
        3460
      ]
    },
    "30": {
      "recall": [
        1.0,
        0.75,
        0.5,
        0.75,
        0.75,
        1.0,
        1.0,
        1.0,
        0.75,
        0.75
      ],
      "soft_error": [
        0.3440895294014428,
        0.7011200163584608,
        3.1310622664257,
        0.5011899935117813,
        0.8729746111936071,
        0.16539512195014547,
        0.4036179662345668,
        0.22964046241011837,
        0.5768311216298159,
        0.47337057459505405
      ],
      "nfe": [
        4280,
        4920,
        3620,
        4240,
        4710,
        5050,
        4440,
        4800,
        4350,
        5210
      ]
    },
    "50": {
      "recall": [
        1.0,
        0.75,
        1.0,
        0.75,
        0.75,
        1.0,
        1.0,
        1.0,
        0.75,
        0.75
      ],
      "soft_error": [
        0.3423858201358093,
        0.6950806358650609,
        0.3771367509253325,
        0.4959209294378579,
        0.612810105807693,
        0.2615603676242928,
        0.388429347836281,
        0.19289215569707352,
        0.5697934697711463,
        0.3953238665726778
      ],
      "nfe": [
        5900,
        6850,
        5250,
        6560,
        6760,
        6790,
        6260,
        6750,
        6400,
        7280
      ]
    },
    "75": {
      "recall": [
        1.0,
        0.75,
        1.0,
        0.75,
        0.75,
        1.0,
        1.0,
        1.0,
        1.0,
        0.75
      ],
      "soft_error": [
        0.29877539039517265,
        0.4163411711103358,
        0.3314202683106542,
        0.4449116211554388,
        0.5574519725951899,
        0.21499284037560867,
        0.38687897416678174,
        0.22086930566693444,
        0.19826043578866084,
        0.39252499950025044
      ],
      "nfe": [
        7790,
        8620,
        7900,
        8470,
        9200,
        9260,
        8360,
        8840,
        9360,
        9050
      ]
    },
    "100": {
      "recall": [
        1.0,
        0.75,
        1.0,
        0.75,
        1.0,
        1.0,
        1.0,
        1.0,
        1.0,
        1.0
      ],
      "soft_error": [
        0.29209085580911043,
        0.415147917359015,
        0.3349490950793463,
        0.48609661145283656,
        0.31129477130514527,
        0.24657978996787322,
        0.20933117482713037,
        0.21647988050217126,
        0.17643314931142226,
        0.2582175425753864
      ],
      "nfe": [
        9670,
        10690,
        10400,
        10920,
        10830,
        11230,
        10430,
        11120,
        11260,
        10820
      ]
    }
  },
  "config": {
    "dim": 2,
    "K": 4,
    "n_runs": 10
  }
}