{
  "method": "v2",
  "K": 4,
  "n_runs": 15,
  "recall": {
    "values": [
      0.75,
      0.75,
      0.75,
      1.0,
      0.75,
      0.75,
      1.0,
      0.75,
      0.75,
      0.75,
      1.0,
      0.75,
      0.75,
      0.75,
      0.75
    ],
    "mean": 0.8,
    "std": 0.09999999999999999
  },
  "soft_error": {
    "values": [
      2.380826639724681,
      2.3826102288095563,
      10.941796439541312,
      2.1540581779340005,
      10.942489375669808,
      10.941703236399924,
      2.3381954554854345,
      2.3807607080949102,
      2.380213712848998,
      2.3723926470565453,
      2.167977060698266,
      10.941353643083787,
      2.379483174200061,
      2.38277444118933,
      2.362201596039652
    ],
    "mean": 4.629922435785084,
    "std": 3.806888479053839
  },
  "nfe": {
    "values": [
      15065,
      15215,
      15165,
      15020,
      15315,
      15125,
      15210,
      15130,
      15045,
      15155,
      15120,
      15255,
      15200,
      15235,
      15190
    ],
    "mean": 15163.0,
    "std": 78.39642849007855
  }
}