{
  "method": "v3f1",
  "k_values": [
    2,
    3,
    4,
    5,
    6,
    7
  ],
  "recall": {
    "mean": [
      1.0,
      0.9555555555555555,
      0.8333333333333334,
      0.7066666666666667,
      0.6777777777777777,
      0.5904761904761905
    ],
    "std": [
      0.0,
      0.11331154474650634,
      0.11785113019775792,
      0.1436043948569201,
      0.15475986974649025,
      0.08832017614757816
    ]
  },
  "soft_error": {
    "mean": [
      0.19434361735608652,
      0.4020716722948424,
      0.9137458043172911,
      1.1042568055710755,
      1.2665624574678096,
      1.390206894045878
    ],
    "std": [
      0.07481382245093689,
      0.40370402226150814,
      0.4681797987887704,
      0.6056005932908145,
      0.5972354009937104,
      0.47394646102064475
    ]
  },
  "nfe": {
    "mean": [
      3492.6666666666665,
      3508.6666666666665,
      3518.0,
      3568.6666666666665,
      3513.9333333333334,
      3550.0
    ],
    "std": [
      6.798692684790379,
      15.434449203720302,
      49.42334131426837,
      82.7741237075667,
      117.88042906078836,
      35.02380143083653
    ]
  }
}