{
  "method": "v3f2",
  "k_values": [
    2,
    3,
    4,
    5,
    6,
    7
  ],
  "recall": {
    "mean": [
      1.0,
      0.8444444444444444,
      0.95,
      0.92,
      0.9000000000000002,
      0.942857142857143
    ],
    "std": [
      0.0,
      0.16629588385661961,
      0.09999999999999999,
      0.12220201853215572,
      0.10183501544346311,
      0.06998542122237654
    ]
  },
  "soft_error": {
    "mean": [
      0.15732233499975584,
      1.1943086626033477,
      0.6519900624564844,
      0.6266293544228685,
      0.6495701619866974,
      0.4514268816278913
    ],
    "std": [
      0.05143543551730642,
      1.6004436370349995,
      0.8400717061833682,
      0.6924851853217561,
      0.4251919610089402,
      0.24660591819707042
    ]
  },
  "nfe": {
    "mean": [
      7885.333333333333,
      8096.666666666667,
      9133.333333333334,
      9937.333333333334,
      10554.666666666666,
      10478.0
    ],
    "std": [
      1096.903925702804,
      919.8598927131361,
      493.37837632209033,
      628.1875162366374,
      818.5341912359081,
      1071.9713926531188
    ]
  }
}