{
  "method": "v3f3",
  "n_particles": [
    10,
    20,
    30,
    50,
    75,
    100
  ],
  "recall_mean": [
    0.7,
    0.875,
    0.9,
    0.95,
    0.975,
    0.975
  ],
  "recall_std": [
    0.15,
    0.125,
    0.12247448713915891,
    0.09999999999999999,
    0.075,
    0.075
  ],
  "soft_mean": [
    1.8764787589108494,
    0.6064998715651505,
    0.4832290467442887,
    0.20427682665287356,
    0.17964334789136435,
    0.16329187202428025
  ],
  "soft_std": [
    1.529523265333502,
    0.40214918882567263,
    0.3908341188624853,
    0.12796981691508,
    0.07696799130134248,
    0.06841475305064518
  ],
  "nfe_mean": [
    3325.0,
    6470.0,
    9495.0,
    15590.0,
    23602.5,
    31540.0
  ],
  "raw": {
    "10": {
      "recall": [
        0.5,
        0.75,
        0.5,
        0.75,
        0.75,
        0.75,
        0.75,
        0.5,
        1.0,
        0.75
      ],
      "soft_error": [
        4.682287370636791,
        1.1164904965988507,
        4.147049427811092,
        1.0454269891234933,
        0.566968418635879,
        0.8372141766516359,
        1.3926491855640064,
        3.589382064249004,
        0.28317638218084884,
        1.1041430776568948
      ],
      "nfe": [
        3340,
        3190,
        3340,
        3340,
        3190,
        3340,
        3490,
        3490,
        3190,
        3340
      ]
    },
    "20": {
      "recall": [
        1.0,
        0.75,
        1.0,
        0.75,
        1.0,
        0.75,
        1.0,
        0.75,
        1.0,
        0.75
      ],
      "soft_error": [
        0.2142307916471342,
        1.1103602132142734,
        0.12680762462344752,
        1.0127023702117501,
        0.2267397932372628,
        0.8372140574423463,
        0.21170353412946152,
        1.027197461553369,
        0.27454127878532325,
        1.0235015908071379
      ],
      "nfe": [
        6440,
        6740,
        6440,
        6440,
        6140,
        6440,
        6440,
        6740,
        6440,
        6440
      ]
    },
    "30": {
      "recall": [
        1.0,
        0.75,
        1.0,
        0.75,
        1.0,
        0.75,
        1.0,
        1.0,
        1.0,
        0.75
      ],
      "soft_error": [
        0.19841430706575913,
        0.9651970400444378,
        0.08412112136996885,
        1.0154224071931552,
        0.18888357203822714,
        0.8128608576734404,
        0.14014841524869404,
        0.14156072957113786,
        0.26146606942332884,
        1.0242159478147368
      ],
      "nfe": [
        9090,
        9540,
        9540,
        9540,
        9090,
        9540,
        9990,
        9540,
        9540,
        9540
      ]
    },
    "50": {
      "recall": [
        1.0,
        1.0,
        1.0,
        1.0,
        1.0,
        0.75,
        1.0,
        1.0,
        0.75,
        1.0
      ],
      "soft_error": [
        0.1894438931765552,
        0.13387255211986204,
        0.07729347357562677,
        0.22291142224947524,
        0.1731615803800164,
        0.5453902601260792,
        0.16967302084287095,
        0.13865907115534332,
        0.2940416709640177,
        0.09832132193888876
      ],
      "nfe": [
        14990,
        15740,
        15740,
        14990,
        14990,
        15740,
        15740,
        15740,
        17240,
        14990
      ]
    },
    "75": {
      "recall": [
        1.0,
        1.0,
        1.0,
        1.0,
        1.0,
        0.75,
        1.0,
        1.0,
        1.0,
        1.0
      ],
      "soft_error": [
        0.19924828203409728,
        0.13277201195872923,
        0.0719627683586741,
        0.2520779451669406,
        0.17282784647556815,
        0.323734418336338,
        0.17461927255312704,
        0.15459696901368086,
        0.25045704107071476,
        0.06413692394577364
      ],
      "nfe": [
        23490,
        23490,
        23490,
        23490,
        22365,
        23490,
        23490,
        24615,
        24615,
        23490
      ]
    },
    "100": {
      "recall": [
        1.0,
        1.0,
        1.0,
        0.75,
        1.0,
        1.0,
        1.0,
        1.0,
        1.0,
        1.0
      ],
      "soft_error": [
        0.1634300741078767,
        0.1310760869613996,
        0.07463919099249594,
        0.2958513380031933,
        0.16824881564291605,
        0.20416059927962982,
        0.1699133145957945,
        0.1376414697427104,
        0.23669894347003595,
        0.05125888744675011
      ],
      "nfe": [
        29740,
        32740,
        31240,
        32740,
        29740,
        31240,
        32740,
        31240,
        32740,
        31240
      ]
    }
  },
  "config": {
    "dim": 1,
    "K": 4,
    "n_runs": 10
  }
}