{
  "method": "v2",
  "k_values": [
    2,
    3,
    4,
    5,
    6,
    7
  ],
  "recall": {
    "mean": [
      0.9,
      0.9333333333333332,
      0.9833333333333333,
      0.9066666666666667,
      0.8777777777777779,
      0.8095238095238095
    ],
    "std": [
      0.2,
      0.13333333333333336,
      0.06236095644623236,
      0.16110727964792762,
      0.12862041003100252,
      0.11268723396380219
    ]
  },
  "soft_error": {
    "mean": [
      1.1668326353670286,
      0.5527130485653265,
      0.43794158108376274,
      0.8273105787383571,
      0.7079031997992912,
      0.5356999713276374
    ],
    "std": [
      1.965289672366781,
      0.6819569056002801,
      0.5570432130736537,
      1.498165777477295,
      0.564458049303953,
      0.17577222475867263
    ]
  },
  "nfe": {
    "mean": [
      7274.8,
      8203.066666666668,
      9320.666666666666,
      10300.533333333333,
      7871.066666666667,
      11305.866666666667
    ],
    "std": [
      3237.846675389885,
      2265.865882075891,
      2515.8126497990443,
      2280.278634046482,
      1455.013789930834,
      1764.8192302770146
    ]
  }
}