{
  "v1": {
    "recall": {
      "mean": [
        1.0,
        1.0,
        0.9833333333333333,
        0.9866666666666667,
        1.0,
        0.8666666666666668
      ],
      "std": [
        0.0,
        0.0,
        0.06236095644623236,
        0.04988876515698587,
        0.0,
        0.06317380553057904
      ]
    },
    "soft_error": {
      "mean": [
        0.1445923316098151,
        0.1709522157591644,
        0.32170041858315923,
        0.23153752592958535,
        0.18189138154283888,
        0.38317091916198653
      ],
      "std": [
        0.04513362976629351,
        0.04615368726716241,
        0.24957623872519177,
        0.151126795710713,
        0.04415136990082658,
        0.10554370892709072
      ]
    },
    "nfe": {
      "mean": [
        12511.266666666666,
        20331.133333333335,
        22430.6,
        28650.533333333333,
        29267.466666666667,
        34504.8
      ],
      "std": [
        2521.8001630228796,
        2420.7102777674345,
        3477.497851425169,
        4468.025453026078,
        3014.8594188710613,
        5966.114784905388
      ]
    }
  },
  "v2": {
    "recall": {
      "mean": [
        0.9,
        0.9333333333333332,
        0.9833333333333333,
        0.9066666666666667,
        0.8777777777777779,
        0.8095238095238095
      ],
      "std": [
        0.2,
        0.13333333333333336,
        0.06236095644623236,
        0.16110727964792762,
        0.12862041003100252,
        0.11268723396380219
      ]
    },
    "soft_error": {
      "mean": [
        1.1668326353670286,
        0.5527130485653265,
        0.43794158108376274,
        0.8273105787383571,
        0.7079031997992912,
        0.5356999713276374
      ],
      "std": [
        1.965289672366781,
        0.6819569056002801,
        0.5570432130736537,
        1.498165777477295,
        0.564458049303953,
        0.17577222475867263
      ]
    },
    "nfe": {
      "mean": [
        7274.8,
        8203.066666666668,
        9320.666666666666,
        10300.533333333333,
        7871.066666666667,
        11305.866666666667
      ],
      "std": [
        3237.846675389885,
        2265.865882075891,
        2515.8126497990443,
        2280.278634046482,
        1455.013789930834,
        1764.8192302770146
      ]
    }
  },
  "v3f1": {
    "recall": {
      "mean": [
        1.0,
        0.9555555555555555,
        0.8333333333333334,
        0.7066666666666667,
        0.6777777777777777,
        0.5904761904761905
      ],
      "std": [
        0.0,
        0.11331154474650634,
        0.11785113019775792,
        0.1436043948569201,
        0.15475986974649025,
        0.08832017614757816
      ]
    },
    "soft_error": {
      "mean": [
        0.19434361735608652,
        0.4020716722948424,
        0.9137458043172911,
        1.1042568055710755,
        1.2665624574678096,
        1.390206894045878
      ],
      "std": [
        0.07481382245093689,
        0.40370402226150814,
        0.4681797987887704,
        0.6056005932908145,
        0.5972354009937104,
        0.47394646102064475
      ]
    },
    "nfe": {
      "mean": [
        3492.6666666666665,
        3508.6666666666665,
        3518.0,
        3568.6666666666665,
        3513.9333333333334,
        3550.0
      ],
      "std": [
        6.798692684790379,
        15.434449203720302,
        49.42334131426837,
        82.7741237075667,
        117.88042906078836,
        35.02380143083653
      ]
    }
  },
  "v3f2": {
    "recall": {
      "mean": [
        1.0,
        1.0,
        0.9,
        0.8266666666666668,
        0.8777777777777778,
        0.7142857142857141
      ],
      "std": [
        0.0,
        0.0,
        0.12247448713915893,
        0.09977753031397177,
        0.15475986974649023,
        0.07377111135633174
      ]
    },
    "soft_error": {
      "mean": [
        0.19459153193999496,
        0.2345097680132904,
        0.6735534023484198,
        0.6705532600139154,
        0.5912986282981053,
        0.8924076477051412
      ],
      "std": [
        0.07449397069527552,
        0.042335147833002754,
        0.49635615218198464,
        0.3135473786220005,
        0.4669949780604505,
        0.2951454174705729
      ]
    },
    "nfe": {
      "mean": [
        4677.333333333333,
        5465.333333333333,
        5702.666666666667,
        6097.333333333333,
        6644.0,
        6594.666666666667
      ],
      "std": [
        169.21255535239956,
        213.09987225607517,
        302.24640426130605,
        228.37007003740416,
        581.8682554209902,
        373.9138343997926
      ]
    }
  },
  "v3f3": {
    "recall": {
      "mean": [
        1.0,
        1.0,
        0.9,
        0.9466666666666669,
        0.9333333333333333,
        0.8952380952380953
      ],
      "std": [
        0.0,
        0.0,
        0.12247448713915893,
        0.08844332774281063,
        0.11863420280034791,
        0.1102460657408593
      ]
    },
    "soft_error": {
      "mean": [
        0.030998109286173265,
        0.050950517723419846,
        0.47477176168929086,
        0.23708074562856904,
        0.26890650917748476,
        0.4031455893962306
      ],
      "std": [
        0.013623105496332076,
        0.018632571824461562,
        0.41339198742980543,
        0.19395011659752975,
        0.302374921809863,
        0.23977106371298273
      ]
    },
    "nfe": {
      "mean": [
        14990.0,
        15290.0,
        15640.0,
        16090.0,
        17290.0,
        16290.0
      ],
      "std": [
        0.0,
        600.0,
        815.4753215150046,
        860.2325267042627,
        1486.6068747318504,
        1041.633332799983
      ]
    }
  },
  "b0": {
    "recall": {
      "mean": [
        1.0,
        1.0,
        0.95,
        1.0,
        1.0,
        1.0
      ],
      "std": [
        0.0,
        0.0,
        0.09999999999999999,
        0.0,
        0.0,
        0.0
      ]
    },
    "soft_error": {
      "mean": [
        0.09206514491833935,
        0.11637649091208899,
        0.21953030748225993,
        0.11078198608704987,
        0.12627301896222873,
        0.13347809014632828
      ],
      "std": [
        0.05609408742663875,
        0.037072312915211854,
        0.18484307537929473,
        0.03181508852951096,
        0.03828953217614652,
        0.03433598598624294
      ]
    },
    "nfe": {
      "mean": [
        1000000.0,
        1000000.0,
        1000000.0,
        1000000.0,
        1000000.0,
        1000000.0
      ],
      "std": [
        0.0,
        0.0,
        0.0,
        0.0,
        0.0,
        0.0
      ]
    }
  },
  "b10": {
    "recall": {
      "mean": [
        1.0,
        1.0,
        0.95,
        0.9866666666666667,
        1.0,
        1.0
      ],
      "std": [
        0.0,
        0.0,
        0.09999999999999999,
        0.04988876515698587,
        0.0,
        0.0
      ]
    },
    "soft_error": {
      "mean": [
        0.04624511067828241,
        0.044501435910465716,
        0.19884708619254185,
        0.0860148370727753,
        0.06468425144209497,
        0.08151610198655448
      ],
      "std": [
        0.027989564257676142,
        0.011492175674251868,
        0.282150174431196,
        0.09243526466249506,
        0.022571507008496215,
        0.03589229356028875
      ]
    },
    "nfe": {
      "mean": [
        1010000.0,
        1010000.0,
        1010000.0,
        1010000.0,
        1010000.0,
        1010000.0
      ],
      "std": [
        0.0,
        0.0,
        0.0,
        0.0,
        0.0,
        0.0
      ]
    }
  },
  "k_values": [
    2,
    3,
    4,
    5,
    6,
    7
  ],
  "config": {
    "dim": 1,
    "n_seeds": 5,
    "n_init_seeds": 3,
    "methods": [
      "v1",
      "v2",
      "v3f1",
      "v3f2",
      "v3f3",
      "b0",
      "b10"
    ]
  }
}