{
  "method": "v3f3",
  "k_values": [
    2,
    3,
    4,
    5,
    6,
    7
  ],
  "recall": {
    "mean": [
      1.0,
      1.0,
      0.9,
      0.9466666666666669,
      0.9333333333333333,
      0.8952380952380953
    ],
    "std": [
      0.0,
      0.0,
      0.12247448713915893,
      0.08844332774281063,
      0.11863420280034791,
      0.1102460657408593
    ]
  },
  "soft_error": {
    "mean": [
      0.030998109286173265,
      0.050950517723419846,
      0.47477176168929086,
      0.23708074562856904,
      0.26890650917748476,
      0.4031455893962306
    ],
    "std": [
      0.013623105496332076,
      0.018632571824461562,
      0.41339198742980543,
      0.19395011659752975,
      0.302374921809863,
      0.23977106371298273
    ]
  },
  "nfe": {
    "mean": [
      14990.0,
      15290.0,
      15640.0,
      16090.0,
      17290.0,
      16290.0
    ],
    "std": [
      0.0,
      600.0,
      815.4753215150046,
      860.2325267042627,
      1486.6068747318504,
      1041.633332799983
    ]
  }
}