{
  "method": "v1",
  "K": 4,
  "n_runs": 15,
  "recall": {
    "values": [
      0.75,
      0.75,
      0.75,
      0.75,
      0.75,
      0.75,
      0.75,
      0.75,
      0.75,
      0.75,
      0.75,
      0.75,
      0.75,
      0.75,
      0.75
    ],
    "mean": 0.75,
    "std": 0.0
  },
  "soft_error": {
    "values": [
      0.801129602985402,
      0.8011295506901639,
      0.8011295700155072,
      0.8011295537273293,
      0.8011295679727777,
      0.8011295732022186,
      0.8011295650335841,
      0.8011295649712245,
      0.8011295984887761,
      0.8011295467232653,
      0.8011295581496192,
      0.8011296267476519,
      0.8011296061949185,
      0.801129646927444,
      0.8011295635218331
    ],
    "mean": 0.8011295796901143,
    "std": 2.871186073942676e-08
  },
  "nfe": {
    "values": [
      46970,
      42158,
      41178,
      42736,
      38851,
      45321,
      41964,
      45966,
      42763,
      44840,
      40829,
      41941,
      41269,
      43207,
      47216
    ],
    "mean": 43147.26666666667,
    "std": 2339.4583836625284
  }
}