{
  "method": "v3f2",
  "n_particles": [
    10,
    20,
    30,
    50,
    75,
    100
  ],
  "recall_mean": [
    0.35,
    0.4,
    0.45,
    0.6,
    0.675,
    0.7
  ],
  "recall_std": [
    0.12247448713915891,
    0.12247448713915891,
    0.1,
    0.16583123951777,
    0.16007810593582122,
    0.09999999999999999
  ],
  "soft_mean": [
    20.977836433326196,
    16.67881383581953,
    13.489740620823351,
    12.604653983634044,
    12.518658851505714,
    12.478341240673615
  ],
  "soft_std": [
    6.170566288209484,
    3.9514092996129118,
    2.8388046213220837,
    3.4946211520862134,
    3.4678603977371436,
    3.4425678605144547
  ],
  "nfe_mean": [
    2113.0,
    4001.0,
    6020.0,
    10120.0,
    14996.0,
    20060.0
  ],
  "raw": {
    "10": {
      "recall": [
        0.5,
        0.5,
        0.5,
        0.25,
        0.25,
        0.5,
        0.25,
        0.25,
        0.25,
        0.25
      ],
      "soft_error": [
        13.311897958286906,
        15.234906020849573,
        15.233738821475411,
        27.178640426576067,
        26.179044769018702,
        15.25013803546611,
        27.446179739342696,
        15.170657897727148,
        27.37058458451149,
        27.402576080007883
      ],
      "nfe": [
        2240,
        2110,
        2130,
        2250,
        2050,
        2020,
        2020,
        2250,
        2030,
        2030
      ]
    },
    "20": {
      "recall": [
        0.5,
        0.5,
        0.5,
        0.5,
        0.25,
        0.5,
        0.5,
        0.25,
        0.25,
        0.25
      ],
      "soft_error": [
        13.310900391495924,
        15.234993100276807,
        15.222102495663714,
        15.116996767117131,
        14.659900331374377,
        15.189607513133055,
        20.222808623074258,
        15.16426527277828,
        15.26401654613868,
        27.40254731714304
      ],
      "nfe": [
        4150,
        3930,
        4170,
        4160,
        3960,
        3810,
        3950,
        4150,
        4030,
        3700
      ]
    },
    "30": {
      "recall": [
        0.5,
        0.5,
        0.5,
        0.5,
        0.5,
        0.5,
        0.5,
        0.5,
        0.25,
        0.25
      ],
      "soft_error": [
        13.310846022940165,
        15.202348737963275,
        15.22098022432296,
        15.117179009711126,
        14.369331358529392,
        15.139872594887999,
        8.192252613045506,
        7.6888856476671394,
        15.25679616000663,
        15.398913839159347
      ],
      "nfe": [
        6180,
        5940,
        6310,
        5940,
        6210,
        5600,
        5970,
        6280,
        6150,
        5620
      ]
    },
    "50": {
      "recall": [
        0.75,
        0.5,
        0.75,
        0.5,
        0.75,
        0.75,
        0.5,
        0.75,
        0.5,
        0.25
      ],
      "soft_error": [
        10.107728964239369,
        15.078355961603817,
        15.182648860060688,
        14.112731186235958,
        14.239426583776137,
        15.073497831652155,
        5.02310481991562,
        7.6368839679048675,
        15.195191219124956,
        14.396970441826884
      ],
      "nfe": [
        10320,
        10040,
        10210,
        10000,
        10240,
        9400,
        10120,
        10050,
        10870,
        9950
      ]
    },
    "75": {
      "recall": [
        0.75,
        0.75,
        0.75,
        0.75,
        0.75,
        0.75,
        0.75,
        0.75,
        0.5,
        0.25
      ],
      "soft_error": [
        10.107757431362403,
        15.055377631015233,
        15.140596102298085,
        14.043317546460496,
        14.233951093803196,
        15.000037273898055,
        4.929128475549272,
        7.619597102806145,
        14.659873711250997,
        14.396952146613264
      ],
      "nfe": [
        14810,
        15260,
        15190,
        15090,
        15120,
        14170,
        15220,
        15130,
        15630,
        14340
      ]
    },
    "100": {
      "recall": [
        0.75,
        0.75,
        0.75,
        0.75,
        0.75,
        0.75,
        0.75,
        0.75,
        0.5,
        0.5
      ],
      "soft_error": [
        10.107722451141335,
        15.05520708010608,
        15.11867162576409,
        14.01254420637964,
        14.233974798123649,
        14.705604649419621,
        4.9299149485219855,
        7.613391752997538,
        14.641189281930906,
        14.365191612351317
      ],
      "nfe": [
        20230,
        20590,
        20370,
        20130,
        19980,
        19260,
        19980,
        20220,
        20490,
        19350
      ]
    }
  },
  "config": {
    "dim": 50,
    "K": 4,
    "n_runs": 10
  }
}