{
  "method": "v3f2",
  "n_particles": [
    10,
    20,
    30,
    50,
    75,
    100
  ],
  "recall_mean": [
    0.675,
    0.825,
    0.85,
    0.875,
    1.0,
    1.0
  ],
  "recall_std": [
    0.11456439237389601,
    0.11456439237389601,
    0.12247448713915891,
    0.125,
    0.0,
    0.0
  ],
  "soft_mean": [
    13.18065099390775,
    7.112539103413807,
    6.2603164503959645,
    5.370500996502797,
    1.6483726125164566,
    1.6050117070860448
  ],
  "soft_std": [
    4.459414297943919,
    3.922306047032311,
    4.068841615998968,
    4.069637179247329,
    0.08334364115831601,
    0.08568732244744975
  ],
  "nfe_mean": [
    1975.0,
    3706.0,
    5396.0,
    8647.0,
    12755.0,
    16800.0
  ],
  "raw": {
    "10": {
      "recall": [
        0.75,
        0.5,
        0.75,
        0.75,
        0.75,
        0.5,
        0.75,
        0.75,
        0.75,
        0.5
      ],
      "soft_error": [
        10.263891558280365,
        19.99188901006412,
        10.261497874337035,
        10.261129999569235,
        10.26232267572967,
        19.992120684646554,
        10.254342311477055,
        10.262536121454636,
        10.263236084090646,
        19.993543619428184
      ],
      "nfe": [
        1980,
        1960,
        2170,
        2000,
        2050,
        1800,
        2040,
        1990,
        1980,
        1780
      ]
    },
    "20": {
      "recall": [
        0.75,
        1.0,
        0.75,
        0.75,
        0.75,
        0.75,
        1.0,
        1.0,
        0.75,
        0.75
      ],
      "soft_error": [
        10.264008931170864,
        1.622681549161486,
        10.262201192891835,
        10.262107388782217,
        4.535340021803643,
        10.197468052276387,
        1.7106869312324327,
        1.7488159224933537,
        10.261370194069357,
        10.260710850256501
      ],
      "nfe": [
        3670,
        3800,
        3730,
        3560,
        3750,
        3630,
        3870,
        3630,
        3570,
        3850
      ]
    },
    "30": {
      "recall": [
        0.75,
        1.0,
        0.75,
        0.75,
        0.75,
        0.75,
        1.0,
        1.0,
        1.0,
        0.75
      ],
      "soft_error": [
        10.262276751248796,
        1.6160404692102268,
        10.262430702530104,
        10.268494991590883,
        4.5337151044880954,
        10.197836692127808,
        1.7073307308537804,
        1.75147227416987,
        1.7468409556939206,
        10.256725832046161
      ],
      "nfe": [
        5480,
        5630,
        5280,
        5220,
        5290,
        5460,
        5540,
        5150,
        5390,
        5520
      ]
    },
    "50": {
      "recall": [
        0.75,
        1.0,
        0.75,
        0.75,
        0.75,
        0.75,
        1.0,
        1.0,
        1.0,
        1.0
      ],
      "soft_error": [
        10.259927710247435,
        1.616015429781481,
        10.264856660088496,
        10.2685534480859,
        4.529212985164238,
        10.198736698528126,
        1.479386501157408,
        1.7495797514294729,
        1.7079277968244142,
        1.6308129837210072
      ],
      "nfe": [
        8500,
        8950,
        8440,
        8170,
        8480,
        8680,
        9140,
        8340,
        8630,
        9140
      ]
    },
    "75": {
      "recall": [
        1.0,
        1.0,
        1.0,
        1.0,
        1.0,
        1.0,
        1.0,
        1.0,
        1.0,
        1.0
      ],
      "soft_error": [
        1.762457323367869,
        1.572126502547944,
        1.7242987806454273,
        1.5883414970652132,
        1.7002259146745253,
        1.6971405999307254,
        1.477836918002244,
        1.6504546339185926,
        1.7146296218587531,
        1.5962143331532714
      ],
      "nfe": [
        12710,
        13120,
        12450,
        12380,
        12700,
        12630,
        13090,
        12380,
        12790,
        13300
      ]
    },
    "100": {
      "recall": [
        1.0,
        1.0,
        1.0,
        1.0,
        1.0,
        1.0,
        1.0,
        1.0,
        1.0,
        1.0
      ],
      "soft_error": [
        1.6983075599006525,
        1.5124626131168228,
        1.59613017961771,
        1.5886814092960189,
        1.6950433069551496,
        1.7033905136288896,
        1.4754579444225904,
        1.5586996029462925,
        1.7085015678870568,
        1.5134423730892645
      ],
      "nfe": [
        16660,
        17420,
        16520,
        16270,
        16620,
        16450,
        17090,
        16630,
        16800,
        17540
      ]
    }
  },
  "config": {
    "dim": 30,
    "K": 4,
    "n_runs": 10
  }
}