{
  "method": "v2",
  "K": 4,
  "n_runs": 15,
  "recall": {
    "values": [
      1.0,
      1.0,
      1.0,
      1.0,
      1.0,
      1.0,
      1.0,
      1.0,
      1.0,
      1.0,
      1.0,
      1.0,
      1.0,
      1.0,
      1.0
    ],
    "mean": 1.0,
    "std": 0.0
  },
  "soft_error": {
    "values": [
      0.2050578824061073,
      0.28428665060621,
      0.3083622793452212,
      0.27999643525143647,
      0.307221038351155,
      0.3490577386009889,
      0.19803367023982518,
      0.3724197048623515,
      0.30751632800599604,
      0.3478330319548772,
      0.28494289951379725,
      0.19534665908845372,
      0.23237239628013087,
      0.25920352525143464,
      0.2420240713401247
    ],
    "mean": 0.27824495407320726,
    "std": 0.054070874348900004
  },
  "nfe": {
    "values": [
      38637,
      36564,
      34588,
      38719,
      38506,
      45770,
      46360,
      46888,
      44608,
      47194,
      39500,
      38196,
      46044,
      45608,
      47053
    ],
    "mean": 42282.333333333336,
    "std": 4351.965788264221
  }
}