{
  "method": "v3f1",
  "K": 4,
  "n_runs": 15,
  "recall": {
    "values": [
      0.75,
      0.75,
      0.75,
      0.75,
      0.75,
      0.75,
      0.75,
      0.75,
      0.75,
      0.75,
      0.75,
      0.75,
      0.75,
      0.75,
      0.75
    ],
    "mean": 0.75,
    "std": 0.0
  },
  "soft_error": {
    "values": [
      14.480467052341563,
      14.605265380464612,
      14.673236942073613,
      14.184090896472863,
      13.434995170012009,
      14.399200148556417,
      5.0484307557801715,
      8.049387776460623,
      14.438048462586295,
      14.604872612297882,
      14.598013017387254,
      14.599144875051072,
      14.615423791579008,
      4.481251604513423,
      14.242043450866706
    ],
    "mean": 12.696924795762902,
    "std": 3.5019183347553775
  },
  "nfe": {
    "values": [
      18770,
      18680,
      18710,
      18690,
      18890,
      18630,
      18940,
      18770,
      18680,
      18700,
      18560,
      18670,
      18730,
      19010,
      18700
    ],
    "mean": 18742.0,
    "std": 115.59700111450411
  }
}