{
  "method": "v3f3",
  "n_particles": [
    10,
    20,
    30,
    50,
    75,
    100
  ],
  "recall_mean": [
    0.65,
    0.775,
    0.775,
    0.825,
    0.925,
    0.95
  ],
  "recall_std": [
    0.12247448713915891,
    0.075,
    0.075,
    0.11456439237389601,
    0.11456439237389601,
    0.09999999999999999
  ],
  "soft_mean": [
    13.503921594889798,
    7.362984361105006,
    6.511070115527363,
    5.597446565227594,
    1.98557780812216,
    1.9219883052678366
  ],
  "soft_std": [
    4.296828854986326,
    3.8178835245645235,
    3.9441699263523335,
    3.9582864145196637,
    0.1484231836402645,
    0.1284623590689813
  ],
  "nfe_mean": [
    10450.0,
    13790.0,
    17175.0,
    23600.0,
    32137.5,
    40450.0
  ],
  "raw": {
    "10": {
      "recall": [
        0.75,
        0.5,
        0.75,
        0.75,
        0.5,
        0.5,
        0.75,
        0.75,
        0.75,
        0.5
      ],
      "soft_error": [
        10.570621259474505,
        19.80397553355612,
        10.824897902393396,
        10.481711325093514,
        10.909557475274184,
        20.064642137516906,
        10.953975985345476,
        10.329676415574449,
        10.79107829830214,
        20.30907961636729
      ],
      "nfe": [
        10450,
        10450,
        10600,
        10450,
        10300,
        10450,
        10300,
        10450,
        10450,
        10600
      ]
    },
    "20": {
      "recall": [
        0.75,
        0.75,
        0.75,
        0.75,
        0.75,
        0.75,
        1.0,
        0.75,
        0.75,
        0.75
      ],
      "soft_error": [
        10.464557205637007,
        2.338374967125235,
        10.571852985544222,
        10.240390468186892,
        4.383457773911624,
        10.527559845431917,
        2.045334533704863,
        2.219845492841033,
        10.511041636790365,
        10.32742870187691
      ],
      "nfe": [
        14000,
        13700,
        13700,
        13400,
        13700,
        13700,
        13700,
        14300,
        14000,
        13700
      ]
    },
    "30": {
      "recall": [
        0.75,
        0.75,
        0.75,
        0.75,
        0.75,
        0.75,
        1.0,
        0.75,
        0.75,
        0.75
      ],
      "soft_error": [
        10.455893064661836,
        2.2844266026932636,
        10.54126183959019,
        10.237034026661185,
        4.342737167671298,
        10.505331249684044,
        1.9004590598966704,
        2.164500882003392,
        2.3931171571800913,
        10.285940105231646
      ],
      "nfe": [
        17400,
        16950,
        17400,
        17400,
        17400,
        16950,
        16950,
        17400,
        16950,
        16950
      ]
    },
    "50": {
      "recall": [
        0.75,
        0.75,
        0.75,
        0.75,
        0.75,
        0.75,
        1.0,
        0.75,
        1.0,
        1.0
      ],
      "soft_error": [
        10.388262505463228,
        2.186576452205891,
        10.397525116070787,
        10.240502135864695,
        4.331186323192246,
        10.472843890339806,
        1.8929578844784762,
        2.1534163882147794,
        2.033115531035221,
        1.8780794254108153
      ],
      "nfe": [
        23450,
        23450,
        23450,
        23450,
        24200,
        23450,
        23450,
        23450,
        24200,
        23450
      ]
    },
    "75": {
      "recall": [
        0.75,
        1.0,
        0.75,
        1.0,
        1.0,
        0.75,
        1.0,
        1.0,
        1.0,
        1.0
      ],
      "soft_error": [
        2.0206063543701775,
        2.031615226382389,
        2.1846119901160277,
        1.8733700311378547,
        1.998386813535226,
        2.2807357318873738,
        1.8929578844784762,
        1.7554682316073023,
        1.954878337164507,
        1.863147480542267
      ],
      "nfe": [
        32700,
        31575,
        31575,
        31575,
        32700,
        32700,
        31575,
        31575,
        31575,
        33825
      ]
    },
    "100": {
      "recall": [
        0.75,
        1.0,
        1.0,
        1.0,
        1.0,
        0.75,
        1.0,
        1.0,
        1.0,
        1.0
      ],
      "soft_error": [
        1.9843480915613974,
        1.9726279285817616,
        1.9253114832820453,
        1.7567783361931635,
        1.8998794093640359,
        2.226675564046531,
        1.9024371144209482,
        1.7554682316073023,
        1.9641297679908596,
        1.8322271256303222
      ],
      "nfe": [
        39700,
        41200,
        41200,
        39700,
        41200,
        39700,
        41200,
        39700,
        41200,
        39700
      ]
    }
  },
  "config": {
    "dim": 30,
    "K": 4,
    "n_runs": 10
  }
}