{
  "method": "v3f1",
  "K": 4,
  "n_runs": 15,
  "recall": {
    "values": [
      0.75,
      0.75,
      1.0,
      0.75,
      1.0,
      0.75,
      1.0,
      0.75,
      1.0,
      0.75,
      0.75,
      0.75,
      1.0,
      0.5,
      0.5
    ],
    "mean": 0.8,
    "std": 0.1632993161855452
  },
  "soft_error": {
    "values": [
      1.1435185172077669,
      1.1444289702933852,
      0.28616272401172704,
      1.1438863544461464,
      0.28676008261085073,
      1.1436620571547915,
      0.2862829112882874,
      1.065504878635869,
      0.2862143243399595,
      1.1444564577122678,
      1.1437234759137886,
      1.1437255646603728,
      0.2863351580481659,
      4.451242705849708,
      4.45191368864702
    ],
    "mean": 1.2938545247213404,
    "std": 1.2968493336856215
  },
  "nfe": {
    "values": [
      3490,
      3490,
      3490,
      3510,
      3530,
      3490,
      3510,
      3510,
      3550,
      3490,
      3490,
      3510,
      3490,
      3490,
      3490
    ],
    "mean": 3502.0,
    "std": 17.587874611030557
  }
}