{
  "method": "v3f1",
  "K": 4,
  "n_runs": 15,
  "recall": {
    "values": [
      1.0,
      1.0,
      1.0,
      1.0,
      1.0,
      1.0,
      1.0,
      1.0,
      1.0,
      1.0,
      1.0,
      1.0,
      1.0,
      1.0,
      1.0
    ],
    "mean": 1.0,
    "std": 0.0
  },
  "soft_error": {
    "values": [
      0.7816328646522632,
      0.7817797307772353,
      0.7815986618000103,
      0.7818887902983341,
      0.7815092930775218,
      0.7814792222577609,
      0.7815340114296339,
      0.7817960871837759,
      0.781524587907237,
      0.7818267585852102,
      0.7814589076849738,
      0.7818390370996654,
      0.7815441295594158,
      0.7815486297597305,
      0.7819255899566593
    ],
    "mean": 0.7816590868019618,
    "std": 0.0001583155582775723
  },
  "nfe": {
    "values": [
      8050,
      8050,
      8050,
      8050,
      8050,
      8050,
      8050,
      8050,
      8050,
      8050,
      8050,
      8050,
      8050,
      8050,
      8050
    ],
    "mean": 8050.0,
    "std": 0.0
  }
}